author_id,drift_total,snapshot_count,drift_path
"2015), (after July 1",6.415081248140324,4,"[('2014-2017', '2017-2020', 4.295441959319604), ('2017-2020', '2020-2023', 1.6717263671096538), ('2020-2023', '2023-2026', 0.44791292171106656)]"
"Aarden, Bret",11.8854488066564,8,"[('2002-2005', '2005-2008', 1.8542955953448534), ('2005-2008', '2008-2011', 0.5852670355878212), ('2008-2011', '2011-2014', 2.0479255691924076), ('2011-2014', '2014-2017', 1.7658657996073936), ('2014-2017', '2017-2020', 5.067967320574665), ('2017-2020', '2020-2023', 0.3954303497777155), ('2020-2023', '2023-2026', 0.16869713657154467)]"
"Aareskjold-Drecker, Jon Marius",0.640915485842151,2,"[('2020-2023', '2023-2026', 0.640915485842151)]"
"Aaslid, Vilde",0.6333215274731281,2,"[('2020-2023', '2023-2026', 0.6333215274731281)]"
"Adams, Kyle",3.6460049963168575,5,"[('2011-2014', '2014-2017', 0.39919631003333145), ('2014-2017', '2017-2020', 2.268582785829779), ('2017-2020', '2020-2023', 0.8333582456233), ('2020-2023', '2023-2026', 0.14486765483044736)]"
"Agawu, Kofi",3.466228500463285,4,"[('2014-2017', '2017-2020', 2.2386486946767317), ('2017-2020', '2020-2023', 0.31609623989864616), ('2020-2023', '2023-2026', 0.9114835658879072)]"
"Agmon, Eytan",0.0,1,[]
"Albrecht, Joshua",3.9482310333666137,4,"[('2014-2017', '2017-2020', 1.9865504571053667), ('2017-2020', '2020-2023', 1.3618464245514186), ('2020-2023', '2023-2026', 0.5998341517098287)]"
"Alcalde, Bruno",0.40335771708094964,2,"[('2020-2023', '2023-2026', 0.40335771708094964)]"
"Amiot, Emmanuel",5.398046145498471,4,"[('2014-2017', '2017-2020', 4.680293588343179), ('2017-2020', '2020-2023', 0.40794793061838913), ('2020-2023', '2023-2026', 0.30980462653690205)]"
"Anku, Willie",8.246218243301898,7,"[('2005-2008', '2008-2011', 2.590751721222625), ('2008-2011', '2011-2014', 3.4440103580133288), ('2011-2014', '2014-2017', 0.16944473159440035), ('2014-2017', '2017-2020', 1.401005674435431), ('2017-2020', '2020-2023', 0.23255127865101058), ('2020-2023', '2023-2026', 0.4084544793851033)]"
"Argentino, Joe R.",0.5942143340514852,2,"[('2020-2023', '2023-2026', 0.5942143340514852)]"
"Arlin, Mary I.",1.428943483796154,4,"[('2014-2017', '2017-2020', 1.0997462836482705), ('2017-2020', '2020-2023', 0.23455868513917363), ('2020-2023', '2023-2026', 0.09463851500870998)]"
"Atkinson, Sean E.",0.0,1,[]
"Attas, Robin",6.436307187242132,6,"[('2008-2011', '2011-2014', 3.2929783379274498), ('2011-2014', '2014-2017', 0.7388135314733819), ('2014-2017', '2017-2020', 2.123349155291589), ('2017-2020', '2020-2023', 0.21782659865278778), ('2020-2023', '2023-2026', 0.06333956389692388)]"
"Auerbach, Brent",7.386497356833505,6,"[('2008-2011', '2011-2014', 1.806059453338273), ('2011-2014', '2014-2017', 2.0708494901931194), ('2014-2017', '2017-2020', 1.7077952449259914), ('2017-2020', '2020-2023', 0.26325681174972004), ('2020-2023', '2023-2026', 1.5385363566264016)]"
"Aziz, Andrew",0.18895411422777705,2,"[('2020-2023', '2023-2026', 0.18895411422777705)]"
"BaileyShea, Matt",5.956246538847999,5,"[('2011-2014', '2014-2017', 2.511916246942292), ('2014-2017', '2017-2020', 1.9026645576813621), ('2017-2020', '2020-2023', 0.7336248578632606), ('2020-2023', '2023-2026', 0.8080408763610849)]"
"BaileyShea, Matthew L.",6.678059119801258,5,"[('2011-2014', '2014-2017', 2.6427126084042323), ('2014-2017', '2017-2020', 2.471856192433807), ('2017-2020', '2020-2023', 1.0162851506275614), ('2020-2023', '2023-2026', 0.5472051683356569)]"
"Bain, Matthew Neil",9.125168785224657,7,"[('2005-2008', '2008-2011', 1.8806105532531505), ('2008-2011', '2011-2014', 3.2771653904970695), ('2011-2014', '2014-2017', 0.6382523264772554), ('2014-2017', '2017-2020', 1.9992085611066843), ('2017-2020', '2020-2023', 0.9756121649163311), ('2020-2023', '2023-2026', 0.3543197889741666)]"
"Baker, Ben",0.32550321887906497,2,"[('2020-2023', '2023-2026', 0.32550321887906497)]"
"Bakulina, Ellen",4.631614025974919,4,"[('2014-2017', '2017-2020', 2.0731559582038908), ('2017-2020', '2020-2023', 1.3618761963558268), ('2020-2023', '2023-2026', 1.196581871415201)]"
"Barna, Alyssa",0.2066869222313081,2,"[('2020-2023', '2023-2026', 0.2066869222313081)]"
"Baroin, Gilles",5.332704002607011,4,"[('2014-2017', '2017-2020', 4.546068732932766), ('2017-2020', '2020-2023', 0.4473095837291886), ('2020-2023', '2023-2026', 0.339325685945057)]"
"Barolsky, Daniel",6.6329521007598915,5,"[('2011-2014', '2014-2017', 1.3005315667029895), ('2014-2017', '2017-2020', 2.3843170763339137), ('2017-2020', '2020-2023', 2.3440936471186493), ('2020-2023', '2023-2026', 0.6040098106043387)]"
"Barolsky, Daniel G",1.8237693980612417,4,"[('2014-2017', '2017-2020', 1.1173348017417182), ('2017-2020', '2020-2023', 0.43571284911415786), ('2020-2023', '2023-2026', 0.27072174720536557)]"
"Bass, Richard",7.949610886825093,4,"[('2014-2017', '2017-2020', 6.266362106370271), ('2017-2020', '2020-2023', 0.706518153601904), ('2020-2023', '2023-2026', 0.9767306268529191)]"
"Bazayev, Inessa",4.647892795782984,4,"[('2014-2017', '2017-2020', 2.1154195081223226), ('2017-2020', '2020-2023', 1.6829363852706505), ('2020-2023', '2023-2026', 0.8495369023900109)]"
"Beaudoin, Richard",0.3465222368487362,2,"[('2020-2023', '2023-2026', 0.3465222368487362)]"
"Beavers, Jennifer P.",1.8882338656309368,3,"[('2017-2020', '2020-2023', 1.3141430259930356), ('2020-2023', '2023-2026', 0.5740908396379011)]"
"Belcher, Owen",0.0,1,[]
"Benadon, Fernando",8.236456422410546,7,"[('2005-2008', '2008-2011', 2.596552798193826), ('2008-2011', '2011-2014', 3.1917455354915862), ('2011-2014', '2014-2017', 0.2840128079513318), ('2014-2017', '2017-2020', 1.3550325085546926), ('2017-2020', '2020-2023', 0.5614366443489552), ('2020-2023', '2023-2026', 0.24767612787015444)]"
"Bent, Margaret",9.615871935415873,5,"[('2011-2014', '2014-2017', 1.6493905582283537), ('2014-2017', '2017-2020', 6.138776124049536), ('2017-2020', '2020-2023', 0.8667309535070269), ('2020-2023', '2023-2026', 0.9609742996309563)]"
"Bernstein, Zachary",0.0,1,[]
"Berry, Michael",3.9471792325306514,5,"[('2011-2014', '2014-2017', 0.3219546045152991), ('2014-2017', '2017-2020', 1.8362766516321745), ('2017-2020', '2020-2023', 1.2983803425722935), ('2020-2023', '2023-2026', 0.49056763381088414)]"
"Bertolani, Valentina",2.6891922483502797,3,"[('2017-2020', '2020-2023', 1.8549772353677527), ('2020-2023', '2023-2026', 0.8342150129825271)]"
"Besada, José L.",1.0723598399521064,2,"[('2020-2023', '2023-2026', 1.0723598399521064)]"
"Bhogal, Gurminder K.",0.7167194248362557,2,"[('2020-2023', '2023-2026', 0.7167194248362557)]"
"Biamonte, Nicole",2.6966454855277453,5,"[('2011-2014', '2014-2017', 0.3080036656975733), ('2014-2017', '2017-2020', 2.0047379035627952), ('2017-2020', '2020-2023', 0.26671027506947764), ('2020-2023', '2023-2026', 0.11719364119789896)]"
"Binder, Benjamin",1.1000123197956568,4,"[('2014-2017', '2017-2020', 0.7628060324860342), ('2017-2020', '2020-2023', 0.2245898888309002), ('2020-2023', '2023-2026', 0.11261639847872242)]"
"Blake, David K.",2.8242744797426504,5,"[('2011-2014', '2014-2017', 0.35314441714031053), ('2014-2017', '2017-2020', 2.11555773032496), ('2017-2020', '2020-2023', 0.09923811185125847), ('2020-2023', '2023-2026', 0.2563342204261213)]"
"Boone, Christine",2.7649209534944688,4,"[('2014-2017', '2017-2020', 2.1669398453019526), ('2017-2020', '2020-2023', 0.43503980159335776), ('2020-2023', '2023-2026', 0.16294130659915831)]"
"Boss, Jack",0.8477283651239699,2,"[('2020-2023', '2023-2026', 0.8477283651239699)]"
"Bourne, Janet",2.1469684157327436,4,"[('2014-2017', '2017-2020', 0.9728623542928013), ('2017-2020', '2020-2023', 0.30599889844176176), ('2020-2023', '2023-2026', 0.8681071629981802)]"
"Boyd, Clifton",0.0,1,[]
"Boyle, Antares",0.4133994909846216,2,"[('2020-2023', '2023-2026', 0.4133994909846216)]"
"Boyle, Matthew L.",0.0,1,[]
"Boyle, Matthew L. C.",0.0,1,[]
"Brinkman, Alexander R.",14.303934347914623,10,"[('1996-1999', '1999-2002', 2.2606560990332984), ('1999-2002', '2002-2005', 2.5042540579399217), ('2002-2005', '2005-2008', 1.0152528995409362), ('2005-2008', '2008-2011', 1.0452114696958719), ('2008-2011', '2011-2014', 1.9910291759682972), ('2011-2014', '2014-2017', 0.5922481672268513), ('2014-2017', '2017-2020', 4.430044756749238), ('2017-2020', '2020-2023', 0.172457677305535), ('2020-2023', '2023-2026', 0.29278004445467254)]"
"Brøvig-Hanssen, Ragnhild",0.5549606294451878,2,"[('2020-2023', '2023-2026', 0.5549606294451878)]"
"Buchler, Michael",8.540565705958581,6,"[('2008-2011', '2011-2014', 2.8046466674867565), ('2011-2014', '2014-2017', 1.063703176232152), ('2014-2017', '2017-2020', 1.5689174957117376), ('2017-2020', '2020-2023', 2.4239495270773825), ('2020-2023', '2023-2026', 0.6793488394505524)]"
"Buchler, Michael H.",11.046524413415574,7,"[('2005-2008', '2008-2011', 2.4685770374885005), ('2008-2011', '2011-2014', 3.0811232461569635), ('2011-2014', '2014-2017', 0.7631804168045164), ('2014-2017', '2017-2020', 1.5026901008290496), ('2017-2020', '2020-2023', 2.4202087710044644), ('2020-2023', '2023-2026', 0.8107448411320789)]"
"Bugallo, Helena",2.987074381631427,4,"[('2014-2017', '2017-2020', 1.569319991017839), ('2017-2020', '2020-2023', 1.0370814891326343), ('2020-2023', '2023-2026', 0.3806729014809539)]"
"Bungert, James",1.3981486489076718,3,"[('2017-2020', '2020-2023', 1.0535560064248555), ('2020-2023', '2023-2026', 0.34459264248281624)]"
"Burnham, Scott",1.2432658830069216,3,"[('2017-2020', '2020-2023', 0.5527992069217771), ('2020-2023', '2023-2026', 0.6904666760851446)]"
"Burns, Chelsea",1.6069518161633887,3,"[('2017-2020', '2020-2023', 0.4335154503811775), ('2020-2023', '2023-2026', 1.173436365782211)]"
"Burns, James",6.088360097337736,6,"[('2008-2011', '2011-2014', 3.682037942385934), ('2011-2014', '2014-2017', 0.3368032258412475), ('2014-2017', '2017-2020', 1.3956128424330776), ('2017-2020', '2020-2023', 0.2595582869602345), ('2020-2023', '2023-2026', 0.41434779971724156)]"
"Burns, Lori",5.136264031968323,8,"[('2002-2005', '2005-2008', 0.9113797015602562), ('2005-2008', '2008-2011', 0.6042922287639941), ('2008-2011', '2011-2014', 0.6094702932252049), ('2011-2014', '2014-2017', 0.16377362706677284), ('2014-2017', '2017-2020', 1.922390506304513), ('2017-2020', '2020-2023', 0.45130770504604734), ('2020-2023', '2023-2026', 0.47364997000153525)]"
"Burns, Lori A.",3.246723250926341,6,"[('2008-2011', '2011-2014', 0.7122502336263525), ('2011-2014', '2014-2017', 0.09503552825036543), ('2014-2017', '2017-2020', 1.6854149234238316), ('2017-2020', '2020-2023', 0.3989167004170014), ('2020-2023', '2023-2026', 0.3551058652087894)]"
"Butler, Mark J.",6.460737168559426,6,"[('2008-2011', '2011-2014', 3.0142522208618496), ('2011-2014', '2014-2017', 0.6077589944425393), ('2014-2017', '2017-2020', 2.0788229233767335), ('2017-2020', '2020-2023', 0.2771046204002107), ('2020-2023', '2023-2026', 0.48279840947809344)]"
"Butterfield, Matthew W.",5.8990620064311114,6,"[('2008-2011', '2011-2014', 3.0583838842694915), ('2011-2014', '2014-2017', 0.38447298049021617), ('2014-2017', '2017-2020', 1.9614345539523494), ('2017-2020', '2020-2023', 0.2799926287937373), ('2020-2023', '2023-2026', 0.21477795892531665)]"
"Byros, Vasili",2.2861794438749583,3,"[('2017-2020', '2020-2023', 0.9821661092833635), ('2020-2023', '2023-2026', 1.3040133345915947)]"
"Cairns, Zachary",0.19528483657697293,2,"[('2020-2023', '2023-2026', 0.19528483657697293)]"
"Cairns, Zachary A.",4.586143113139722,4,"[('2014-2017', '2017-2020', 1.990937582219555), ('2017-2020', '2020-2023', 1.752958439606162), ('2020-2023', '2023-2026', 0.8422470913140054)]"
"Callahan, Michael R.",2.8540637902274213,5,"[('2011-2014', '2014-2017', 0.8012131066279301), ('2014-2017', '2017-2020', 1.6943448131068557), ('2017-2020', '2020-2023', 0.03946823691215982), ('2020-2023', '2023-2026', 0.31903763358047554)]"
"Callender, Clifton",3.1257169947606016,4,"[('2014-2017', '2017-2020', 1.3663154321014461), ('2017-2020', '2020-2023', 1.2456173330818066), ('2020-2023', '2023-2026', 0.5137842295773487)]"
"Cannon-Brown, Lee",0.0,1,[]
"Canonne, Clément",3.4558590627729204,3,"[('2017-2020', '2020-2023', 3.0321027095011934), ('2020-2023', '2023-2026', 0.42375635327172717)]"
"Caplin, William E.",7.239158157115054,5,"[('2011-2014', '2014-2017', 1.3714798968030568), ('2014-2017', '2017-2020', 2.4820382293055605), ('2017-2020', '2020-2023', 1.9919007939270166), ('2020-2023', '2023-2026', 1.39373923707942)]"
"Carpenter, Ellon D.",4.275424339408353,4,"[('2014-2017', '2017-2020', 2.013204730485236), ('2017-2020', '2020-2023', 1.4548590342906167), ('2020-2023', '2023-2026', 0.8073605746325003)]"
"Carter, David S.",0.07846173308755468,2,"[('2020-2023', '2023-2026', 0.07846173308755468)]"
"Carter-Enyi, Aaron",0.0,1,[]
"Carter-Ényì, Aaron",1.9803193269745116,4,"[('2014-2017', '2017-2020', 0.17498871202469285), ('2017-2020', '2020-2023', 0.8230242097221724), ('2020-2023', '2023-2026', 0.9823064052276465)]"
"Chenette, Timothy",0.31855696134713735,2,"[('2020-2023', '2023-2026', 0.31855696134713735)]"
"Chenette, Timothy K.",9.65883049283362,5,"[('2011-2014', '2014-2017', 1.618277227041875), ('2014-2017', '2017-2020', 6.188758341236869), ('2017-2020', '2020-2023', 0.8582582223527448), ('2020-2023', '2023-2026', 0.9935367022021299)]"
"Chew, Elaine",7.300453056030934,4,"[('2014-2017', '2017-2020', 5.013887157796625), ('2017-2020', '2020-2023', 1.6668794252014243), ('2020-2023', '2023-2026', 0.619686473032885)]"
"Childs, Adrian P.",5.454293870161849,6,"[('2008-2011', '2011-2014', 0.8065068876583996), ('2011-2014', '2014-2017', 0.6730839149554808), ('2014-2017', '2017-2020', 1.5271685129320902), ('2017-2020', '2020-2023', 2.361349585604921), ('2020-2023', '2023-2026', 0.08618496901095696)]"
"Chiu, Matt",0.22949862973898996,2,"[('2020-2023', '2023-2026', 0.22949862973898996)]"
"Chua, Daniel K.L.",6.381265204958371,4,"[('2014-2017', '2017-2020', 4.332245858243129), ('2017-2020', '2020-2023', 1.5838470897833983), ('2020-2023', '2023-2026', 0.4651722569318434)]"
"Chung, Andrew J.",0.5859317331984508,3,"[('2017-2020', '2020-2023', 0.3003591273689308), ('2020-2023', '2023-2026', 0.2855726058295201)]"
"Clarke, David",2.5648531876754923,3,"[('2017-2020', '2020-2023', 1.3121568142108566), ('2020-2023', '2023-2026', 1.2526963734646355)]"
"Clayton, Martin",0.5657870433932695,2,"[('2020-2023', '2023-2026', 0.5657870433932695)]"
"Clement, Brett",0.3255788756975915,3,"[('2017-2020', '2020-2023', 0.1871562923178286), ('2020-2023', '2023-2026', 0.13842258337976288)]"
"Clement, Brett G.",2.1987388864857276,4,"[('2014-2017', '2017-2020', 1.5905905909312357), ('2017-2020', '2020-2023', 0.5540277208241834), ('2020-2023', '2023-2026', 0.05412057473030847)]"
"Clercq, Trevor de",2.8924468700503367,4,"[('2014-2017', '2017-2020', 2.1023984257838766), ('2017-2020', '2020-2023', 0.4233263989626889), ('2020-2023', '2023-2026', 0.36672204530377117)]"
"Code, David Løberg",2.6702746605194068,4,"[('2014-2017', '2017-2020', 1.4213080735839096), ('2017-2020', '2020-2023', 0.92373089256024), ('2020-2023', '2023-2026', 0.32523569437525707)]"
"Cohen, Gilad",2.152119096684507,4,"[('2014-2017', '2017-2020', 1.584836293142706), ('2017-2020', '2020-2023', 0.46128825296107734), ('2020-2023', '2023-2026', 0.10599455058072373)]"
"Cohn, Richard",2.5381086197083227,4,"[('2014-2017', '2017-2020', 1.6650668093657022), ('2017-2020', '2020-2023', 0.4692502291226012), ('2020-2023', '2023-2026', 0.4037915812200193)]"
"Cole, Christa",0.0,1,[]
"Collins, Denis B.",2.7772806492832256,3,"[('2017-2020', '2020-2023', 1.444025087092584), ('2020-2023', '2023-2026', 1.3332555621906417)]"
"Conklin, Andrew",0.45104916804116524,3,"[('2017-2020', '2020-2023', 0.34833550264842233), ('2020-2023', '2023-2026', 0.10271366539274292)]"
"Conlee, Jade",0.0,1,[]
"Cook, Karen M.",0.0,1,[]
"Cook, Nicholas",6.297621324379192,5,"[('2011-2014', '2014-2017', 0.804935555956864), ('2014-2017', '2017-2020', 2.526482750467206), ('2017-2020', '2020-2023', 2.345242493544358), ('2020-2023', '2023-2026', 0.6209605244107651)]"
"Cook, Robert C.",1.344511881329939,2,"[('2020-2023', '2023-2026', 1.344511881329939)]"
"Cook, Scott Alexander",5.005814643299536,5,"[('2011-2014', '2014-2017', 0.8424262706759046), ('2014-2017', '2017-2020', 1.6495758860323282), ('2017-2020', '2020-2023', 2.205354492836136), ('2020-2023', '2023-2026', 0.30845799375516675)]"
"Covach, John",2.468428221014489,4,"[('2014-2017', '2017-2020', 1.5511606811782548), ('2017-2020', '2020-2023', 0.3329678023839517), ('2020-2023', '2023-2026', 0.5842997374522826)]"
"Covach, John R.",2.924101656164624,4,"[('2014-2017', '2017-2020', 2.0020858329500544), ('2017-2020', '2020-2023', 0.34187360385376875), ('2020-2023', '2023-2026', 0.5801422193608007)]"
"Cox, Arnie",5.831827715541021,5,"[('2011-2014', '2014-2017', 2.4790149790695235), ('2014-2017', '2017-2020', 1.9316907869664697), ('2017-2020', '2020-2023', 0.6260178553537212), ('2020-2023', '2023-2026', 0.7951040941513067)]"
"Cox, Christopher",0.0,1,[]
"Cramer, Alfred",3.61469475940154,5,"[('2011-2014', '2014-2017', 0.46879583799652713), ('2014-2017', '2017-2020', 1.784774044700022), ('2017-2020', '2020-2023', 0.897038253624039), ('2020-2023', '2023-2026', 0.4640866230809515)]"
"Cubero, Diego",2.993785243614869,3,"[('2017-2020', '2020-2023', 1.788137466476209), ('2020-2023', '2023-2026', 1.20564777713866)]"
"Cumming, Julie E.",7.192500030903233,5,"[('2011-2014', '2014-2017', 1.4150924106490097), ('2014-2017', '2017-2020', 2.070937990955734), ('2017-2020', '2020-2023', 2.407870981452757), ('2020-2023', '2023-2026', 1.2985986478457325)]"
"Cutler, Timothy",3.320542171882322,5,"[('2011-2014', '2014-2017', 0.5782644536045564), ('2014-2017', '2017-2020', 1.8750447314191858), ('2017-2020', '2020-2023', 0.5670217747301973), ('2020-2023', '2023-2026', 0.30021121212838225)]"
"Damschroder, David",6.7493227486231335,5,"[('2011-2014', '2014-2017', 1.245354947873638), ('2014-2017', '2017-2020', 2.2821514687955258), ('2017-2020', '2020-2023', 1.9401915796683504), ('2020-2023', '2023-2026', 1.2816247522856197)]"
"David, Aaron M.",0.0,1,[]
"Davis, Stacey",1.89034746745254,3,"[('2017-2020', '2020-2023', 1.378442482470056), ('2020-2023', '2023-2026', 0.511904984982484)]"
"Demske, Thomas R.",16.759726034612598,11,"[('1993-1996', '1996-1999', 3.2848092289517514), ('1996-1999', '1999-2002', 0.03097690496238576), ('1999-2002', '2002-2005', 3.7233072549932555), ('2002-2005', '2005-2008', 1.1174851958043959), ('2005-2008', '2008-2011', 2.57003700676411), ('2008-2011', '2011-2014', 2.3857324799792172), ('2011-2014', '2014-2017', 1.61690974407038), ('2014-2017', '2017-2020', 0.411056089641863), ('2017-2020', '2020-2023', 0.42398342518441856), ('2020-2023', '2023-2026', 1.1954287042608218)]"
"Desmond, Karen",1.445828400635709,2,"[('2020-2023', '2023-2026', 1.445828400635709)]"
"Diergarten, Felix F.",0.9258358804156799,3,"[('2017-2020', '2020-2023', 0.25281027062848566), ('2020-2023', '2023-2026', 0.6730256097871942)]"
"Dodson, Alan",2.479233841449823,5,"[('2011-2014', '2014-2017', 0.26959689777756896), ('2014-2017', '2017-2020', 1.3907576480678887), ('2017-2020', '2020-2023', 0.7930404421504892), ('2020-2023', '2023-2026', 0.025838853453876407)]"
"Doll, Christopher",3.5508940664735222,5,"[('2011-2014', '2014-2017', 0.39157402685900666), ('2014-2017', '2017-2020', 2.148560286811023), ('2017-2020', '2020-2023', 0.6239725854220893), ('2020-2023', '2023-2026', 0.38678716738140323)]"
"Donaldson, James",0.0,1,[]
"Donin, Nicolas",6.156896084482107,6,"[('2008-2011', '2011-2014', 1.3617857669118103), ('2011-2014', '2014-2017', 0.8610001571567893), ('2014-2017', '2017-2020', 2.0746167165153135), ('2017-2020', '2020-2023', 0.7215032599198651), ('2020-2023', '2023-2026', 1.1379901839783286)]"
"Douw, Andre M.",16.467123514202157,10,"[('1996-1999', '1999-2002', 0.6641370306966409), ('1999-2002', '2002-2005', 2.3425540538823895), ('2002-2005', '2005-2008', 2.2860314548398866), ('2005-2008', '2008-2011', 0.23799510206701302), ('2008-2011', '2011-2014', 1.62742925780437), ('2011-2014', '2014-2017', 1.588019439775298), ('2014-2017', '2017-2020', 5.734106670211031), ('2017-2020', '2020-2023', 0.7465353865805251), ('2020-2023', '2023-2026', 1.240315118345003)]"
"Duan, Zhiyao",0.6977021305955646,3,"[('2017-2020', '2020-2023', 0.5842204678894176), ('2020-2023', '2023-2026', 0.11348166270614703)]"
"Duguay, Michèle",0.2110912216849187,2,"[('2020-2023', '2023-2026', 0.2110912216849187)]"
"Duinker, Ben",0.3621112962343041,3,"[('2017-2020', '2020-2023', 0.19930544852652674), ('2020-2023', '2023-2026', 0.16280584770777737)]"
"Duker, Philip",1.6682792602824463,4,"[('2014-2017', '2017-2020', 1.3261112334226857), ('2017-2020', '2020-2023', 0.1600536864333253), ('2020-2023', '2023-2026', 0.18211434042643546)]"
"Easley, David B.",3.1733417884660016,4,"[('2014-2017', '2017-2020', 2.188962360158916), ('2017-2020', '2020-2023', 0.34661455846081535), ('2020-2023', '2023-2026', 0.6377648698462706)]"
"Eckert, Stefan",1.9025275957945458,4,"[('2014-2017', '2017-2020', 0.3416959620793632), ('2017-2020', '2020-2023', 0.5827498096198428), ('2020-2023', '2023-2026', 0.9780818240953397)]"
"Emmery, Laura",3.6341084113325044,3,"[('2017-2020', '2020-2023', 2.836409386873052), ('2020-2023', '2023-2026', 0.7976990244594526)]"
"Endrinal, Christopher",3.5815898708605247,5,"[('2011-2014', '2014-2017', 0.5897470013304636), ('2014-2017', '2017-2020', 2.1222556636681142), ('2017-2020', '2020-2023', 0.5427869247121069), ('2020-2023', '2023-2026', 0.32680028114984)]"
"Everett, Walter",5.914705717660032,7,"[('2005-2008', '2008-2011', 1.4376692416027999), ('2008-2011', '2011-2014', 1.3198330751845553), ('2011-2014', '2014-2017', 0.7120132942089917), ('2014-2017', '2017-2020', 2.0972189163743287), ('2017-2020', '2020-2023', 0.2701269264635129), ('2020-2023', '2023-2026', 0.07784426382584353)]"
"Everett, Walter T.",5.438045037754931,7,"[('2005-2008', '2008-2011', 1.375374390071594), ('2008-2011', '2011-2014', 1.098075762142459), ('2011-2014', '2014-2017', 1.0518805512898022), ('2014-2017', '2017-2020', 1.7235157775310646), ('2017-2020', '2020-2023', 0.04756770438098209), ('2020-2023', '2023-2026', 0.14163085233902958)]"
"Ewell, Philip",2.854013865782382,3,"[('2017-2020', '2020-2023', 1.782020186770364), ('2020-2023', '2023-2026', 1.0719936790120181)]"
"Ewell, Philip A.",4.647729608848705,5,"[('2011-2014', '2014-2017', 0.7038526729920351), ('2014-2017', '2017-2020', 1.9941741926950702), ('2017-2020', '2020-2023', 1.2205714166080868), ('2020-2023', '2023-2026', 0.7291313265535123)]"
"Fabian, Dorottya",3.0557269578748403,3,"[('2017-2020', '2020-2023', 2.5561488452547656), ('2020-2023', '2023-2026', 0.4995781126200748)]"
"Fankhauser, Gabe",8.29513049984627,7,"[('2005-2008', '2008-2011', 0.6633055605285259), ('2008-2011', '2011-2014', 2.282093207551529), ('2011-2014', '2014-2017', 0.3481966119849532), ('2014-2017', '2017-2020', 4.134458436637537), ('2017-2020', '2020-2023', 0.35437112259098413), ('2020-2023', '2023-2026', 0.5127055605527409)]"
"Ferrandino, Matthew E.",0.7390492338086978,2,"[('2020-2023', '2023-2026', 0.7390492338086978)]"
"Fillerup, Jessie",4.101662083275652,4,"[('2014-2017', '2017-2020', 1.5719915038622505), ('2017-2020', '2020-2023', 1.252557278008696), ('2020-2023', '2023-2026', 1.277113301404706)]"
"Foley, Gretchen C.",9.457893465728809,6,"[('2008-2011', '2011-2014', 2.776509139413993), ('2011-2014', '2014-2017', 1.2663032527717528), ('2014-2017', '2017-2020', 1.7071074188076187), ('2017-2020', '2020-2023', 2.7873198370592975), ('2020-2023', '2023-2026', 0.9206538176761476)]"
"Forrest, David L.",1.1487497341557493,3,"[('2017-2020', '2020-2023', 0.49784089333770376), ('2020-2023', '2023-2026', 0.6509088408180456)]"
"Frederick, Leah",0.18043795199026183,2,"[('2020-2023', '2023-2026', 0.18043795199026183)]"
"Fyr, Kyle",1.0734479067056912,2,"[('2020-2023', '2023-2026', 1.0734479067056912)]"
"Gadir, Tami",1.9892014584915465,3,"[('2017-2020', '2020-2023', 1.2965076933069077), ('2020-2023', '2023-2026', 0.6926937651846387)]"
"Gann, Kyle",2.9328774100885973,4,"[('2014-2017', '2017-2020', 1.1283157679201203), ('2017-2020', '2020-2023', 1.2635331319851109), ('2020-2023', '2023-2026', 0.541028510183366)]"
"Garcia, Luis-Manuel",3.875804002564684,4,"[('2014-2017', '2017-2020', 1.9790978196351003), ('2017-2020', '2020-2023', 1.3697543272227382), ('2020-2023', '2023-2026', 0.5269518557068451)]"
"Gardner, Samuel",0.9614144922692264,2,"[('2020-2023', '2023-2026', 0.9614144922692264)]"
"Gates, Sarah",0.8492666203607017,2,"[('2020-2023', '2023-2026', 0.8492666203607017)]"
"Gauldin, Robert",2.9735191721363448,4,"[('2014-2017', '2017-2020', 1.4296640027198217), ('2017-2020', '2020-2023', 1.1241404437440086), ('2020-2023', '2023-2026', 0.4197147256725142)]"
"Gauvin, Hubert Léveillé",0.6999913197252802,3,"[('2017-2020', '2020-2023', 0.4929379921540803), ('2020-2023', '2023-2026', 0.2070533275711999)]"
"Gawboy, Anna",1.5650544455388051,4,"[('2014-2017', '2017-2020', 1.2610764980002076), ('2017-2020', '2020-2023', 0.1383996718352654), ('2020-2023', '2023-2026', 0.16557827570333217)]"
"Geary, David",0.06918643800561339,2,"[('2020-2023', '2023-2026', 0.06918643800561339)]"
"Givan, Benjamin",5.920144599184588,4,"[('2014-2017', '2017-2020', 2.7684309033814034), ('2017-2020', '2020-2023', 2.8367389465430843), ('2020-2023', '2023-2026', 0.3149747492600994)]"
"Gjerdingen, Robert",1.9151296811513219,4,"[('2014-2017', '2017-2020', 0.3940768527664268), ('2017-2020', '2020-2023', 0.2984952958068841), ('2020-2023', '2023-2026', 1.222557532578011)]"
"Glaser, Thomas",0.7952588555805665,2,"[('2020-2023', '2023-2026', 0.7952588555805665)]"
"Goehr, Lydia",0.6895726224548979,3,"[('2017-2020', '2020-2023', 0.42109641511959683), ('2020-2023', '2023-2026', 0.2684762073353011)]"
"Goldberg, Daniel",0.0,1,[]
"Goldenberg, Yosef",8.03017412222908,5,"[('2011-2014', '2014-2017', 1.1259730885734092), ('2014-2017', '2017-2020', 3.894301839574155), ('2017-2020', '2020-2023', 2.1316666591666564), ('2020-2023', '2023-2026', 0.8782325349148595)]"
"Goldman, Andrew",0.0,1,[]
"Goldman, Andrew J.",4.765527416276147,4,"[('2014-2017', '2017-2020', 2.102309439942794), ('2017-2020', '2020-2023', 2.204322663983175), ('2020-2023', '2023-2026', 0.4588953123501787)]"
"Goldman, Jonathan",6.121865273449841,6,"[('2008-2011', '2011-2014', 1.3728735347580465), ('2011-2014', '2014-2017', 0.839563829600283), ('2014-2017', '2017-2020', 2.0836358398301336), ('2017-2020', '2020-2023', 0.6693551628744607), ('2020-2023', '2023-2026', 1.1564369063869169)]"
"Goodchild, Meghan",0.9556536545939982,2,"[('2020-2023', '2023-2026', 0.9556536545939982)]"
"Gotham, Mark",2.4872208181394306,4,"[('2014-2017', '2017-2020', 1.8236218748743516), ('2017-2020', '2020-2023', 0.33122596976679064), ('2020-2023', '2023-2026', 0.3323729734982887)]"
"Gotham, Mark R. H.",1.894319220067433,4,"[('2014-2017', '2017-2020', 1.231437274007098), ('2017-2020', '2020-2023', 0.36094424421157134), ('2020-2023', '2023-2026', 0.3019377018487638)]"
"Gran, Jacob",0.0,1,[]
"Grant, Roger Mathew",9.080545104645568,6,"[('2008-2011', '2011-2014', 2.810987544527347), ('2011-2014', '2014-2017', 0.9640504137373895), ('2014-2017', '2017-2020', 1.54814285683389), ('2017-2020', '2020-2023', 2.6475700548662298), ('2020-2023', '2023-2026', 1.1097942346807108)]"
"Graybill, Roger C.",3.260679330922616,3,"[('2017-2020', '2020-2023', 2.2490888854608997), ('2020-2023', '2023-2026', 1.0115904454617162)]"
"Guck, Marion",1.5355297023862988,3,"[('2017-2020', '2020-2023', 0.8351756032895545), ('2020-2023', '2023-2026', 0.7003540990967444)]"
"Guerrero, Jeannie Ma.",11.416764928625836,7,"[('2005-2008', '2008-2011', 0.5843804911402585), ('2008-2011', '2011-2014', 1.672314503061476), ('2011-2014', '2014-2017', 1.2912043263081108), ('2014-2017', '2017-2020', 3.7923077546875463), ('2017-2020', '2020-2023', 3.193170429688101), ('2020-2023', '2023-2026', 0.8833874237403427)]"
"Guez, Jonathan",2.2644954714872654,3,"[('2017-2020', '2020-2023', 1.4526739476922967), ('2020-2023', '2023-2026', 0.8118215237949689)]"
"Guido, Massimiliano",1.6816363416534301,4,"[('2014-2017', '2017-2020', 0.4068169366129593), ('2017-2020', '2020-2023', 0.416969684011745), ('2020-2023', '2023-2026', 0.8578497210287258)]"
"Gunn, Iain A. D.",1.8172021865191916,4,"[('2014-2017', '2017-2020', 1.2271531259012403), ('2017-2020', '2020-2023', 0.2645496410868195), ('2020-2023', '2023-2026', 0.32549941953113176)]"
"Gur, Golan",7.256377080025798,6,"[('2008-2011', '2011-2014', 2.342381880903993), ('2011-2014', '2014-2017', 2.32379369683878), ('2014-2017', '2017-2020', 1.3832956291782432), ('2017-2020', '2020-2023', 0.25337460795098193), ('2020-2023', '2023-2026', 0.9535312651538005)]"
"Hahn, Joshua W.",0.109835804075062,2,"[('2020-2023', '2023-2026', 0.109835804075062)]"
"Hanenberg, Scott J.",2.613584772000112,4,"[('2014-2017', '2017-2020', 2.0811605079763074), ('2017-2020', '2020-2023', 0.13999456850783648), ('2020-2023', '2023-2026', 0.39242969551596807)]"
"Hannaford, Marc",2.0209941048673623,3,"[('2017-2020', '2020-2023', 1.4010730772192523), ('2020-2023', '2023-2026', 0.6199210276481101)]"
"Hannan, Calder",0.11419122181998057,2,"[('2020-2023', '2023-2026', 0.11419122181998057)]"
"Hatten, Robert S.",7.594888246357429,5,"[('2011-2014', '2014-2017', 2.297522282585953), ('2014-2017', '2017-2020', 2.514411049217928), ('2017-2020', '2020-2023', 1.899763782609714), ('2020-2023', '2023-2026', 0.883191131943834)]"
"Headlam, Dave",4.064441903209211,5,"[('2011-2014', '2014-2017', 0.37500948487622293), ('2014-2017', '2017-2020', 1.8656047808535345), ('2017-2020', '2020-2023', 1.41508657957679), ('2020-2023', '2023-2026', 0.408741057902663)]"
"Heetderks, David",0.33959168507724236,2,"[('2020-2023', '2023-2026', 0.33959168507724236)]"
"Heetderks, David J.",3.0467834825295164,4,"[('2014-2017', '2017-2020', 2.125790412959678), ('2017-2020', '2020-2023', 0.6619676418506043), ('2020-2023', '2023-2026', 0.2590254277192339)]"
"Heidemann, Kate",3.0513577485592087,4,"[('2014-2017', '2017-2020', 2.285163725672605), ('2017-2020', '2020-2023', 0.4559189713691964), ('2020-2023', '2023-2026', 0.3102750515174077)]"
"Heinonen, Yrjo",5.699820582609384,7,"[('2005-2008', '2008-2011', 1.3673351829769274), ('2008-2011', '2011-2014', 1.08051882004047), ('2011-2014', '2014-2017', 1.2362000220252507), ('2014-2017', '2017-2020', 1.73035936632735), ('2017-2020', '2020-2023', 0.15662840161529745), ('2020-2023', '2023-2026', 0.12877878962408756)]"
"Hepokoski, James",6.847022502615044,5,"[('2011-2014', '2014-2017', 1.194654048420099), ('2014-2017', '2017-2020', 2.3612252276564916), ('2017-2020', '2020-2023', 2.3406551876384314), ('2020-2023', '2023-2026', 0.9504880389000216)]"
"Hermann, Richard",16.629283668976917,11,"[('1993-1996', '1996-1999', 3.339909596417931), ('1996-1999', '1999-2002', 0.07087631208149477), ('1999-2002', '2002-2005', 3.740068243065912), ('2002-2005', '2005-2008', 1.24944694155684), ('2005-2008', '2008-2011', 2.4926285032985107), ('2008-2011', '2011-2014', 2.396873187348182), ('2011-2014', '2014-2017', 1.6822027413187284), ('2014-2017', '2017-2020', 0.2921813408403687), ('2017-2020', '2020-2023', 0.28536604945961247), ('2020-2023', '2023-2026', 1.0797307535893355)]"
"Hesselink, Nathan D.",2.8938759597657273,4,"[('2014-2017', '2017-2020', 1.855505769668168), ('2017-2020', '2020-2023', 0.5363701410962595), ('2020-2023', '2023-2026', 0.5020000490012997)]"
"Heyer, David J.",5.337211659174045,5,"[('2011-2014', '2014-2017', 1.3062615068758399), ('2014-2017', '2017-2020', 2.2223746296595146), ('2017-2020', '2020-2023', 1.1479650285851943), ('2020-2023', '2023-2026', 0.6606104940534965)]"
"Hier, David",0.8826203853767136,2,"[('2020-2023', '2023-2026', 0.8826203853767136)]"
"Hilewicz, Orit",0.2540536177831968,2,"[('2020-2023', '2023-2026', 0.2540536177831968)]"
"Hippel, Paul T. von",12.082932275163797,8,"[('2002-2005', '2005-2008', 2.01198976147553), ('2005-2008', '2008-2011', 0.6349530188087155), ('2008-2011', '2011-2014', 2.088488627406369), ('2011-2014', '2014-2017', 1.7141936281297863), ('2014-2017', '2017-2020', 5.073564014094139), ('2017-2020', '2020-2023', 0.3602833658734685), ('2020-2023', '2023-2026', 0.1994598593757893)]"
"Hisama, Ellie M.",0.7401133947081078,2,"[('2020-2023', '2023-2026', 0.7401133947081078)]"
"Ho, Jocelyn",1.0582908636165576,2,"[('2020-2023', '2023-2026', 1.0582908636165576)]"
"Hoag, Melissa E.",7.9768442099725,5,"[('2011-2014', '2014-2017', 1.124502848830595), ('2014-2017', '2017-2020', 3.8426349910828215), ('2017-2020', '2020-2023', 1.6096590704277463), ('2020-2023', '2023-2026', 1.4000472996313373)]"
"Hoeckner, Berthold",4.346464262781797,5,"[('2011-2014', '2014-2017', 2.0685645935235097), ('2014-2017', '2017-2020', 1.4956325060536815), ('2017-2020', '2020-2023', 0.19428547521482303), ('2020-2023', '2023-2026', 0.5879816879897833)]"
"Holm-Hudson, Kevin J.",0.413014461255654,2,"[('2020-2023', '2023-2026', 0.413014461255654)]"
"Hood, Alison",7.25696149676517,5,"[('2011-2014', '2014-2017', 0.1548776239772777), ('2014-2017', '2017-2020', 4.831636424265568), ('2017-2020', '2020-2023', 1.7815451046206456), ('2020-2023', '2023-2026', 0.4889023439016779)]"
"Hook, Julian",0.8307374637072883,3,"[('2017-2020', '2020-2023', 0.5895962647941334), ('2020-2023', '2023-2026', 0.24114119891315486)]"
"Hopkins, Emily",1.4278317278542665,2,"[('2020-2023', '2023-2026', 1.4278317278542665)]"
"Horlacher, Gretchen G.",3.7765998592176993,5,"[('2011-2014', '2014-2017', 0.396067699319059), ('2014-2017', '2017-2020', 2.069269068609519), ('2017-2020', '2020-2023', 0.7658958471038815), ('2020-2023', '2023-2026', 0.5453672441852394)]"
"Horn, Katelyn",9.321499275392144,4,"[('2014-2017', '2017-2020', 6.035672252227849), ('2017-2020', '2020-2023', 1.930207877457728), ('2020-2023', '2023-2026', 1.3556191457065674)]"
"Hough, Matthew T.",2.87051543834475,4,"[('2014-2017', '2017-2020', 2.048508555650552), ('2017-2020', '2020-2023', 0.6690225010739003), ('2020-2023', '2023-2026', 0.15298438162029804)]"
"Howes, Samuel",1.3897233408571679,2,"[('2020-2023', '2023-2026', 1.3897233408571679)]"
"Hudson, Stephen S.",0.300833594798276,2,"[('2020-2023', '2023-2026', 0.300833594798276)]"
"Hughes, Bryn",1.6018131706915901,4,"[('2014-2017', '2017-2020', 1.3330667840033499), ('2017-2020', '2020-2023', 0.21340563432737095), ('2020-2023', '2023-2026', 0.05534075236086942)]"
"Huron, David",9.304905206727309,4,"[('2014-2017', '2017-2020', 6.089038308008534), ('2017-2020', '2020-2023', 2.2061377803540037), ('2020-2023', '2023-2026', 1.0097291183647699)]"
"Hutchinson, Kyle",0.37165395765019116,2,"[('2020-2023', '2023-2026', 0.37165395765019116)]"
"Isaacson, Eric J.",7.384962087083955,7,"[('2005-2008', '2008-2011', 0.9220213397480618), ('2008-2011', '2011-2014', 1.9891566110861465), ('2011-2014', '2014-2017', 1.9162036776743665), ('2014-2017', '2017-2020', 1.3536569005597205), ('2017-2020', '2020-2023', 1.0091631181071874), ('2020-2023', '2023-2026', 0.1947604399084721)]"
"Iverson, Jennifer",2.0918188788832364,3,"[('2017-2020', '2020-2023', 1.3787172748339185), ('2020-2023', '2023-2026', 0.7131016040493181)]"
"Jakubowski, Joseph R",1.2807739390464623,3,"[('2017-2020', '2020-2023', 0.36498856121857987), ('2020-2023', '2023-2026', 0.9157853778278824)]"
"Jarvis, Brian Edward",0.0,1,[]
"Jenkins, J. Daniel",6.0100020499042435,6,"[('2008-2011', '2011-2014', 0.8808501053554619), ('2011-2014', '2014-2017', 0.661758814664837), ('2014-2017', '2017-2020', 1.5534625988145643), ('2017-2020', '2020-2023', 2.641992670694753), ('2020-2023', '2023-2026', 0.27193786037462675)]"
"Johnson, Thomas",1.7353189518622378,3,"[('2017-2020', '2020-2023', 1.0174588376474647), ('2020-2023', '2023-2026', 0.7178601142147732)]"
"Johnson, Timothy A.",4.031369105486644,4,"[('2014-2017', '2017-2020', 2.211863073286274), ('2017-2020', '2020-2023', 0.5954113165201199), ('2020-2023', '2023-2026', 1.22409471568025)]"
"Johnston, Blair",4.601003858816242,5,"[('2011-2014', '2014-2017', 0.5433275081398397), ('2014-2017', '2017-2020', 2.1144951183702885), ('2017-2020', '2020-2023', 1.0187735080973437), ('2020-2023', '2023-2026', 0.92440772420877)]"
"Jong, Karst de",0.6335433580100334,3,"[('2017-2020', '2020-2023', 0.3753950606739817), ('2020-2023', '2023-2026', 0.2581482973360516)]"
"Jr., Jose M. Garza",0.11468586639402169,2,"[('2020-2023', '2023-2026', 0.11468586639402169)]"
"Kahrs, Noah",0.875320349782704,2,"[('2020-2023', '2023-2026', 0.875320349782704)]"
"Kallis, Vasilis",9.651497770398802,5,"[('2011-2014', '2014-2017', 1.5510562437523014), ('2014-2017', '2017-2020', 6.363010238868306), ('2017-2020', '2020-2023', 0.5533331009445861), ('2020-2023', '2023-2026', 1.1840981868336096)]"
"Kaminsky, Peter",5.324705712989981,7,"[('2005-2008', '2008-2011', 1.4335485593172281), ('2008-2011', '2011-2014', 1.1124231961664262), ('2011-2014', '2014-2017', 1.8251579572565741), ('2014-2017', '2017-2020', 0.829657763880612), ('2017-2020', '2020-2023', 0.03432419717609424), ('2020-2023', '2023-2026', 0.08959403919304573)]"
"Kaminsky, Peter M.",3.6853785628584808,4,"[('2014-2017', '2017-2020', 2.155451684506929), ('2017-2020', '2020-2023', 0.45381788846513355), ('2020-2023', '2023-2026', 1.076108989886418)]"
"Karpinski, Gary S.",7.976994103721519,5,"[('2011-2014', '2014-2017', 0.23941846782139606), ('2014-2017', '2017-2020', 5.094161892242191), ('2017-2020', '2020-2023', 2.0984226946752145), ('2020-2023', '2023-2026', 0.5449910489827169)]"
"Keep, David",0.33510222457051053,2,"[('2020-2023', '2023-2026', 0.33510222457051053)]"
"Killam, Rosemary N.",3.95061071780337,4,"[('2014-2017', '2017-2020', 2.118818353715571), ('2017-2020', '2020-2023', 0.5999129968710691), ('2020-2023', '2023-2026', 1.2318793672167296)]"
"Kim, Catrina",0.0,1,[]
"Klorman, Edward",5.698793144832628,4,"[('2014-2017', '2017-2020', 2.5493686794290267), ('2017-2020', '2020-2023', 2.429160151029135), ('2020-2023', '2023-2026', 0.7202643143744658)]"
"Klumpenhouwer, Henry",15.842890304430245,11,"[('1993-1996', '1996-1999', 2.622283340490652), ('1996-1999', '1999-2002', 0.6598362705177511), ('1999-2002', '2002-2005', 1.710312862267346), ('2002-2005', '2005-2008', 0.9047262463620864), ('2005-2008', '2008-2011', 1.7048179298235262), ('2008-2011', '2011-2014', 2.9816823453146997), ('2011-2014', '2014-2017', 1.1651217143693273), ('2014-2017', '2017-2020', 1.5123569867972386), ('2017-2020', '2020-2023', 1.8608852479184916), ('2020-2023', '2023-2026', 0.7208673605691268)]"
"Kochavi, Jonathan",5.2704519659410005,5,"[('2011-2014', '2014-2017', 1.2808839491289268), ('2014-2017', '2017-2020', 1.3518726786887418), ('2017-2020', '2020-2023', 1.9439294185093305), ('2020-2023', '2023-2026', 0.6937659196140008)]"
"Komaniecki, Robert",0.8765776426027253,3,"[('2017-2020', '2020-2023', 0.7053191411383417), ('2020-2023', '2023-2026', 0.17125850146438357)]"
"Koozin, Timothy",6.1664304993786345,6,"[('2008-2011', '2011-2014', 1.3799009160257782), ('2011-2014', '2014-2017', 0.8505368009107991), ('2014-2017', '2017-2020', 2.188326007992836), ('2017-2020', '2020-2023', 0.6180088136548423), ('2020-2023', '2023-2026', 1.1296579607943786)]"
"Kopp, David",5.795147242544465,4,"[('2014-2017', '2017-2020', 2.469968595890705), ('2017-2020', '2020-2023', 2.315109407093673), ('2020-2023', '2023-2026', 1.0100692395600872)]"
"Korevaar, David",10.011874009865835,7,"[('2005-2008', '2008-2011', 1.0933001369095496), ('2008-2011', '2011-2014', 2.1889156361069664), ('2011-2014', '2014-2017', 0.7969365468412604), ('2014-2017', '2017-2020', 2.5364730101433697), ('2017-2020', '2020-2023', 2.590832706192368), ('2020-2023', '2023-2026', 0.8054159736723223)]"
"Koslovsky, John",6.530484269124367,5,"[('2011-2014', '2014-2017', 1.0014828913600968), ('2014-2017', '2017-2020', 4.822983026705516), ('2017-2020', '2020-2023', 0.43931895787230063), ('2020-2023', '2023-2026', 0.2666993931864534)]"
"Kovaciny, Stephen M.",0.2521130363615672,2,"[('2020-2023', '2023-2026', 0.2521130363615672)]"
"Kozak, Mariusz",3.834542374538442,4,"[('2014-2017', '2017-2020', 2.004707524028652), ('2017-2020', '2020-2023', 0.6346844547688323), ('2020-2023', '2023-2026', 1.1951503957409575)]"
"Krims, Adam P.",3.4715979782103568,4,"[('2014-2017', '2017-2020', 2.2102911131114316), ('2017-2020', '2020-2023', 0.2491437990069591), ('2020-2023', '2023-2026', 1.0121630660919663)]"
"Krims, Adam Paul",15.537810452539699,11,"[('1993-1996', '1996-1999', 2.6665567221027056), ('1996-1999', '1999-2002', 0.6773623119787604), ('1999-2002', '2002-2005', 1.600050671749483), ('2002-2005', '2005-2008', 0.736300374566096), ('2005-2008', '2008-2011', 1.8065263275778438), ('2008-2011', '2011-2014', 2.954353557703491), ('2011-2014', '2014-2017', 1.0728379347334278), ('2014-2017', '2017-2020', 1.3487219240679762), ('2017-2020', '2020-2023', 1.8710119672713121), ('2020-2023', '2023-2026', 0.8040886607886014)]"
"Lafrance, Marc",3.4580107235065936,6,"[('2008-2011', '2011-2014', 0.6807308449356988), ('2011-2014', '2014-2017', 0.2355562760061444), ('2014-2017', '2017-2020', 1.7096074325366637), ('2017-2020', '2020-2023', 0.4512336552741767), ('2020-2023', '2023-2026', 0.38088251475391)]"
"Lal, Rajan",0.0,1,[]
"Lam, Nathan L.",0.0,1,[]
"Larson, Steve",6.046040716601115,5,"[('2011-2014', '2014-2017', 1.2976441387444113), ('2014-2017', '2017-2020', 2.3557904498310385), ('2017-2020', '2020-2023', 1.4643043824658089), ('2020-2023', '2023-2026', 0.9283017455598568)]"
"Lau, Wing",2.5156996086738683,4,"[('2014-2017', '2017-2020', 1.740931907716529), ('2017-2020', '2020-2023', 0.4423760130916208), ('2020-2023', '2023-2026', 0.3323916878657186)]"
"Lavengood, Megan",0.0,1,[]
"Lavengood, Megan L.",0.35792685923686,2,"[('2020-2023', '2023-2026', 0.35792685923686)]"
"Lawrence, John Y.",0.0,1,[]
"Lee, Mike Cheng-Yu",7.398182286166785,5,"[('2011-2014', '2014-2017', 1.416655870653888), ('2014-2017', '2017-2020', 2.415971747916332), ('2017-2020', '2020-2023', 2.154627931524177), ('2020-2023', '2023-2026', 1.4109267360723876)]"
"Leech-Wilkinson, Daniel",6.6722268614896505,5,"[('2011-2014', '2014-2017', 0.9685326559512849), ('2014-2017', '2017-2020', 2.5109817947172828), ('2017-2020', '2020-2023', 2.6045870146760137), ('2020-2023', '2023-2026', 0.5881253961450692)]"
"Lehman, Frank",3.3857769421833717,5,"[('2011-2014', '2014-2017', 0.31731555445848175), ('2014-2017', '2017-2020', 2.1074996416874665), ('2017-2020', '2020-2023', 0.6842084991056602), ('2020-2023', '2023-2026', 0.27675324693176345)]"
"Leong, Daphne",9.544449424201783,7,"[('2005-2008', '2008-2011', 1.1077349910826593), ('2008-2011', '2011-2014', 2.214336424786742), ('2011-2014', '2014-2017', 0.771289190287519), ('2014-2017', '2017-2020', 2.425279725081602), ('2017-2020', '2020-2023', 2.4583914250213517), ('2020-2023', '2023-2026', 0.567417667941909)]"
"Lessoil-Daelman, Marcelle",3.0261661379107414,5,"[('2011-2014', '2014-2017', 1.1800893259532266), ('2014-2017', '2017-2020', 0.6263297409488544), ('2017-2020', '2020-2023', 0.28370013523055626), ('2020-2023', '2023-2026', 0.9360469357781039)]"
"Lester, Joel",9.677929474903356,7,"[('2005-2008', '2008-2011', 1.069016212504258), ('2008-2011', '2011-2014', 2.1388926878183208), ('2011-2014', '2014-2017', 0.6263557450351407), ('2014-2017', '2017-2020', 2.6319363387315517), ('2017-2020', '2020-2023', 2.673645309461285), ('2020-2023', '2023-2026', 0.5380831813527993)]"
"Levy, Benjamin R.",0.9075816667464678,2,"[('2020-2023', '2023-2026', 0.9075816667464678)]"
"Lewis, George E.",6.716061219400644,5,"[('2011-2014', '2014-2017', 1.5085498688284849), ('2014-2017', '2017-2020', 1.9523618022182296), ('2017-2020', '2020-2023', 2.2314531511504963), ('2020-2023', '2023-2026', 1.0236963972034332)]"
"Leydon, Rebecca",3.718661396541578,5,"[('2011-2014', '2014-2017', 0.5506680144941074), ('2014-2017', '2017-2020', 2.18175149650497), ('2017-2020', '2020-2023', 0.6321275454985135), ('2020-2023', '2023-2026', 0.35411434004398706)]"
"Li, Edwin K. C.",0.0,1,[]
"Li, Mingyue",0.0,1,[]
"Lind, Stephanie",7.168983412694395,6,"[('2008-2011', '2011-2014', 3.2272084713041016), ('2011-2014', '2014-2017', 0.3633049230132732), ('2014-2017', '2017-2020', 1.9616638209342738), ('2017-2020', '2020-2023', 1.372240006234038), ('2020-2023', '2023-2026', 0.24456619120870834)]"
"Lindley, Mark",18.237631375396376,11,"[('1993-1996', '1996-1999', 4.176294416436573), ('1996-1999', '1999-2002', 1.2196875556848503), ('1999-2002', '2002-2005', 1.8293200318810285), ('2002-2005', '2005-2008', 0.7126349792815481), ('2005-2008', '2008-2011', 0.6376786676596176), ('2008-2011', '2011-2014', 1.8267855657454035), ('2011-2014', '2014-2017', 0.8694383093455244), ('2014-2017', '2017-2020', 5.360921192902271), ('2017-2020', '2020-2023', 0.8884923020610114), ('2020-2023', '2023-2026', 0.7163783543985518)]"
"Link, John",2.700083048427141,3,"[('2017-2020', '2020-2023', 2.3800804699013893), ('2020-2023', '2023-2026', 0.3200025785257519)]"
"Littlefield, Richard C.",17.97634277413598,11,"[('1993-1996', '1996-1999', 2.5448043897411754), ('1996-1999', '1999-2002', 3.455457935612532), ('1999-2002', '2002-2005', 2.719035928101988), ('2002-2005', '2005-2008', 0.8392509382492819), ('2005-2008', '2008-2011', 1.7932345694801457), ('2008-2011', '2011-2014', 3.122483570744168), ('2011-2014', '2014-2017', 0.2773292929818449), ('2014-2017', '2017-2020', 2.1424975061785365), ('2017-2020', '2020-2023', 0.5034251002651734), ('2020-2023', '2023-2026', 0.5788235427811319)]"
"Llorens, Ana",0.2845818866791772,2,"[('2020-2023', '2023-2026', 0.2845818866791772)]"
"Lochhead, Judith",3.7011920845644104,4,"[('2014-2017', '2017-2020', 2.12087157659905), ('2017-2020', '2020-2023', 0.4568114539928999), ('2020-2023', '2023-2026', 1.1235090539724608)]"
"Locke, David",6.435021181144096,6,"[('2008-2011', '2011-2014', 3.69821102072362), ('2011-2014', '2014-2017', 0.43519843650020174), ('2014-2017', '2017-2020', 1.5747232164017257), ('2017-2020', '2020-2023', 0.4790708962586626), ('2020-2023', '2023-2026', 0.24781761125988544)]"
"London, Justin",4.399011924896446,5,"[('2011-2014', '2014-2017', 2.09860710770545), ('2014-2017', '2017-2020', 1.5849112731988029), ('2017-2020', '2020-2023', 0.10482997988278892), ('2020-2023', '2023-2026', 0.6106635641094053)]"
"London, Justin M.",3.2257251292779214,4,"[('2014-2017', '2017-2020', 2.170415779891148), ('2017-2020', '2020-2023', 0.44217002423751256), ('2020-2023', '2023-2026', 0.6131393251492612)]"
"Long, Megan Kaes",1.3868879730809631,2,"[('2020-2023', '2023-2026', 1.3868879730809631)]"
"Long, Rebecca",0.0,1,[]
"Losada, C. Catherine",10.860224675580254,7,"[('2005-2008', '2008-2011', 2.5139239909438227), ('2008-2011', '2011-2014', 2.8850925291195435), ('2011-2014', '2014-2017', 0.7680674546482718), ('2014-2017', '2017-2020', 1.413983315185564), ('2017-2020', '2020-2023', 2.4555063566505795), ('2020-2023', '2023-2026', 0.823651029032472)]"
"Love, Stefan C.",5.497014075814187,5,"[('2011-2014', '2014-2017', 1.3244978381630883), ('2014-2017', '2017-2020', 2.013109341350505), ('2017-2020', '2020-2023', 1.1358923169972044), ('2020-2023', '2023-2026', 1.0235145793033893)]"
"Love, Stefan Caris",2.517387808053681,3,"[('2017-2020', '2020-2023', 1.308240222318402), ('2020-2023', '2023-2026', 1.2091475857352794)]"
"Lucas, Olivia R.",0.4568038776058536,3,"[('2017-2020', '2020-2023', 0.2553179298839509), ('2020-2023', '2023-2026', 0.20148594772190268)]"
"Lumsden, Rachel",0.6050918398909694,2,"[('2020-2023', '2023-2026', 0.6050918398909694)]"
"Luong, Vivian",1.0655631320027472,3,"[('2017-2020', '2020-2023', 0.5515403705758802), ('2020-2023', '2023-2026', 0.514022761426867)]"
"Lyon, Jeff",0.06061269044029144,2,"[('2020-2023', '2023-2026', 0.06061269044029144)]"
"M.A., Laura Hawley",3.4389306531032586,6,"[('2008-2011', '2011-2014', 0.7104325343845129), ('2011-2014', '2014-2017', 0.23860241786961528), ('2014-2017', '2017-2020', 1.6734462646074377), ('2017-2020', '2020-2023', 0.3976085785699736), ('2020-2023', '2023-2026', 0.4188408576717195)]"
"Mailman, Joshua Banks",0.8408505520754058,2,"[('2020-2023', '2023-2026', 0.8408505520754058)]"
"Malawey, Victoria",0.9413429923587118,3,"[('2017-2020', '2020-2023', 0.6682626924684361), ('2020-2023', '2023-2026', 0.27308029989027577)]"
"Maler, Anabel",3.4341407282966374,5,"[('2011-2014', '2014-2017', 0.31127202467088294), ('2014-2017', '2017-2020', 2.0823042729257124), ('2017-2020', '2020-2023', 0.8070804265276023), ('2020-2023', '2023-2026', 0.23348400417244006)]"
"Manabe, Noriko",1.3832532593411477,3,"[('2017-2020', '2020-2023', 0.9798987116404326), ('2020-2023', '2023-2026', 0.40335454770071516)]"
"Margulis, Elizabeth Hellmuth",1.5775560541938491,2,"[('2020-2023', '2023-2026', 1.5775560541938491)]"
"Marion, Gregory J.",15.773862456825546,7,"[('2005-2008', '2008-2011', 2.93312519941202), ('2008-2011', '2011-2014', 2.8282432001220448), ('2011-2014', '2014-2017', 1.9696375710759073), ('2014-2017', '2017-2020', 5.727662499097094), ('2017-2020', '2020-2023', 1.1722349590620906), ('2020-2023', '2023-2026', 1.1429590280563868)]"
"Martens, Daniel Barolsky and Peter",3.561910441407584,5,"[('2011-2014', '2014-2017', 1.8697863265441201), ('2014-2017', '2017-2020', 0.7401880059221225), ('2017-2020', '2020-2023', 0.4679453022706802), ('2020-2023', '2023-2026', 0.4839908066706607)]"
"Martens, Peter",3.28610297838134,3,"[('2017-2020', '2020-2023', 2.654679345307319), ('2020-2023', '2023-2026', 0.6314236330740208)]"
"Martens, Peter A.",3.5160932926428483,5,"[('2011-2014', '2014-2017', 1.939402513670866), ('2014-2017', '2017-2020', 0.559022040377408), ('2017-2020', '2020-2023', 0.47324305640599734), ('2020-2023', '2023-2026', 0.5444256821885773)]"
"Martin, Henry",5.168663954328615,5,"[('2011-2014', '2014-2017', 1.3420885273122194), ('2014-2017', '2017-2020', 2.0259104936371215), ('2017-2020', '2020-2023', 1.1284908991407752), ('2020-2023', '2023-2026', 0.6721740342384981)]"
"Martin, Nathan John",0.927625994689387,3,"[('2017-2020', '2020-2023', 0.7660441137173531), ('2020-2023', '2023-2026', 0.1615818809720338)]"
"Martinez, Jose Luis",7.013256144502877,6,"[('2008-2011', '2011-2014', 3.658082076593804), ('2011-2014', '2014-2017', 0.40723471415970797), ('2014-2017', '2017-2020', 1.7143839914091341), ('2017-2020', '2020-2023', 0.35076524469868237), ('2020-2023', '2023-2026', 0.8827901176415488)]"
"Martinkus, Caitlin G.",0.3648955485637575,2,"[('2020-2023', '2023-2026', 0.3648955485637575)]"
"Marvin, Elizabeth W.",14.297758983256909,10,"[('1996-1999', '1999-2002', 2.1544866873273114), ('1999-2002', '2002-2005', 2.482613037551573), ('2002-2005', '2005-2008', 1.161576221576684), ('2005-2008', '2008-2011', 1.1101476123482463), ('2008-2011', '2011-2014', 1.9755038843073034), ('2011-2014', '2014-2017', 0.5561636417055545), ('2014-2017', '2017-2020', 4.393723470370236), ('2017-2020', '2020-2023', 0.17570536760617916), ('2020-2023', '2023-2026', 0.28783906046382324)]"
"Marvin, Elizabeth West",0.4929903158795597,2,"[('2020-2023', '2023-2026', 0.4929903158795597)]"
"Masci, Michael",0.0,1,[]
"Mastic, Timothy R.",0.9172151218854011,3,"[('2017-2020', '2020-2023', 0.2651011594173417), ('2020-2023', '2023-2026', 0.6521139624680594)]"
"Mattessich, John J.",1.690381243674368,3,"[('2017-2020', '2020-2023', 1.2467182670353096), ('2020-2023', '2023-2026', 0.44366297663905835)]"
"Maus, Fred Everett",0.16980143464302797,2,"[('2020-2023', '2023-2026', 0.16980143464302797)]"
"McAdams, Stephen",0.9464261071323092,2,"[('2020-2023', '2023-2026', 0.9464261071323092)]"
"McAuley, J. Devin",1.4877205276845002,2,"[('2020-2023', '2023-2026', 1.4877205276845002)]"
"McCandless, Gregory R.",3.5529351273800875,5,"[('2011-2014', '2014-2017', 0.38356469890470896), ('2014-2017', '2017-2020', 2.066140103283745), ('2017-2020', '2020-2023', 0.6891764815971945), ('2020-2023', '2023-2026', 0.41405384359443936)]"
"McClimon, Michael",0.9687619398412113,3,"[('2017-2020', '2020-2023', 0.7154249050298714), ('2020-2023', '2023-2026', 0.2533370348113398)]"
"McCreless, Patrick",3.140362873937232,4,"[('2014-2017', '2017-2020', 2.1574853612257545), ('2017-2020', '2020-2023', 0.21196813876405135), ('2020-2023', '2023-2026', 0.7709093739474261)]"
"McCreless, Patrick P.",3.4764704073993906,4,"[('2014-2017', '2017-2020', 2.1763878384254123), ('2017-2020', '2020-2023', 0.28145436812934976), ('2020-2023', '2023-2026', 1.0186282008446284)]"
"McFarland, Mark",4.88368024039059,5,"[('2011-2014', '2014-2017', 1.2764939838722118), ('2014-2017', '2017-2020', 2.0678684288221567), ('2017-2020', '2020-2023', 0.9661287864537258), ('2020-2023', '2023-2026', 0.573189041242496)]"
"McLaughlin, Caroline",0.0,1,[]
"McNutt, Elizabeth",9.5734023309229,7,"[('2005-2008', '2008-2011', 1.0424798491937495), ('2008-2011', '2011-2014', 2.0513141512261455), ('2011-2014', '2014-2017', 0.5667545413610733), ('2014-2017', '2017-2020', 2.5343390495501907), ('2017-2020', '2020-2023', 2.436321628152778), ('2020-2023', '2023-2026', 0.9421931114389608)]"
"Menezes, Enrique Valarelli",0.0,1,[]
"Micchelli, Mark",0.09546460167299141,2,"[('2020-2023', '2023-2026', 0.09546460167299141)]"
"Michaelsen, Garrett",2.702434648403757,3,"[('2017-2020', '2020-2023', 2.2775915330389203), ('2020-2023', '2023-2026', 0.4248431153648368)]"
"Miller, Brian A.",1.2701708091448414,2,"[('2020-2023', '2023-2026', 1.2701708091448414)]"
"Miller, Natalie",1.595272398313974,2,"[('2020-2023', '2023-2026', 1.595272398313974)]"
"Miller, Paul V.",0.0,1,[]
"Mitchell, Nathaniel",1.819430390716553,2,"[('2020-2023', '2023-2026', 1.819430390716553)]"
"Momii, Toru",0.9520368105486284,2,"[('2020-2023', '2023-2026', 0.9520368105486284)]"
"Monahan, Seth",6.892727294959148,5,"[('2011-2014', '2014-2017', 1.3570080115724676), ('2014-2017', '2017-2020', 2.226884041038443), ('2017-2020', '2020-2023', 2.039429326484133), ('2020-2023', '2023-2026', 1.2694059158641031)]"
"Montague, Eugene",5.842353350996017,5,"[('2011-2014', '2014-2017', 2.5603568858193904), ('2014-2017', '2017-2020', 1.9230197821547172), ('2017-2020', '2020-2023', 0.3707348244617552), ('2020-2023', '2023-2026', 0.9882418585601539)]"
"Moore, Allan F.",4.372742857050861,6,"[('2008-2011', '2011-2014', 0.7481412900390311), ('2011-2014', '2014-2017', 0.4406120242865182), ('2014-2017', '2017-2020', 1.8072403131508972), ('2017-2020', '2020-2023', 0.5519328032573605), ('2020-2023', '2023-2026', 0.8248164263170542)]"
"Morford, James B.",0.0,1,[]
"Morrison, Landon",0.08041284002267005,2,"[('2020-2023', '2023-2026', 0.08041284002267005)]"
"Moseley, Roger",6.744947764187187,5,"[('2011-2014', '2014-2017', 1.5134976972478327), ('2014-2017', '2017-2020', 1.7114455452698114), ('2017-2020', '2020-2023', 2.2632047745715407), ('2020-2023', '2023-2026', 1.2567997470980028)]"
"Murcott, Dominic",2.958361237701298,4,"[('2014-2017', '2017-2020', 1.3727034620843193), ('2017-2020', '2020-2023', 1.1920117306977587), ('2020-2023', '2023-2026', 0.39364604491922034)]"
"Murphy, Nancy",0.6228046752024418,3,"[('2017-2020', '2020-2023', 0.2758079875710847), ('2020-2023', '2023-2026', 0.34699668763135705)]"
"Murphy, Scott",3.3745484311720584,5,"[('2011-2014', '2014-2017', 0.6179127929556615), ('2014-2017', '2017-2020', 2.005319468914919), ('2017-2020', '2020-2023', 0.43668993318945304), ('2020-2023', '2023-2026', 0.3146262361120245)]"
"Neidhöfer, Christoph",11.27155786784311,7,"[('2005-2008', '2008-2011', 0.6616722463985579), ('2008-2011', '2011-2014', 1.6120260867669853), ('2011-2014', '2014-2017', 1.3460984596646022), ('2014-2017', '2017-2020', 3.7046933457920463), ('2017-2020', '2020-2023', 3.173677528757761), ('2020-2023', '2023-2026', 0.7733902004631588)]"
"Nemire, Julie A.",3.212748116837114,4,"[('2014-2017', '2017-2020', 1.387835074141621), ('2017-2020', '2020-2023', 1.3907171204981132), ('2020-2023', '2023-2026', 0.43419592219738007)]"
"Nettl, Bruno",6.730674128349314,5,"[('2011-2014', '2014-2017', 1.593551747325399), ('2014-2017', '2017-2020', 2.0396662170292004), ('2017-2020', '2020-2023', 2.300021899730778), ('2020-2023', '2023-2026', 0.7974342642639356)]"
"Neumeyer, David",2.2215694194687576,4,"[('2014-2017', '2017-2020', 1.8706717851852357), ('2017-2020', '2020-2023', 0.16737878898594627), ('2020-2023', '2023-2026', 0.18351884529757595)]"
"Neumeyer, David P.",3.8338519281175794,4,"[('2014-2017', '2017-2020', 2.220776523542352), ('2017-2020', '2020-2023', 0.6472564056173897), ('2020-2023', '2023-2026', 0.9658189989578378)]"
"Ng, Samuel",0.12857316657449833,2,"[('2020-2023', '2023-2026', 0.12857316657449833)]"
"Nobile, Drew",0.21911184290920363,2,"[('2020-2023', '2023-2026', 0.21911184290920363)]"
"Nobile, Drew F.",3.195549784028741,5,"[('2011-2014', '2014-2017', 0.6579455432326965), ('2014-2017', '2017-2020', 1.9585290133417406), ('2017-2020', '2020-2023', 0.4936889667685694), ('2020-2023', '2023-2026', 0.08538626068573461)]"
"Noble, Jason D. K.",0.9065482689817308,2,"[('2020-2023', '2023-2026', 0.9065482689817308)]"
"Nolan, Catherine",11.262593750745149,7,"[('2005-2008', '2008-2011', 2.480507195882361), ('2008-2011', '2011-2014', 2.9127973484852596), ('2011-2014', '2014-2017', 0.9084370475465577), ('2014-2017', '2017-2020', 1.5837009506613082), ('2017-2020', '2020-2023', 2.4539204088210753), ('2020-2023', '2023-2026', 0.9232307993485879)]"
"Noll, Thomas",0.7602715345431594,3,"[('2017-2020', '2020-2023', 0.4527237904359538), ('2020-2023', '2023-2026', 0.3075477441072057)]"
"Nooshin, Laudan",6.921326767742719,5,"[('2011-2014', '2014-2017', 1.4413185922444323), ('2014-2017', '2017-2020', 1.8715830556895103), ('2017-2020', '2020-2023', 2.4717424555578034), ('2020-2023', '2023-2026', 1.1366826642509726)]"
"Ofcarcik, Judith",0.32726607645270755,2,"[('2020-2023', '2023-2026', 0.32726607645270755)]"
"Ohriner, Mitchell S.",0.9904607253163096,4,"[('2014-2017', '2017-2020', 0.05769765696310806), ('2017-2020', '2020-2023', 0.5913934522495347), ('2020-2023', '2023-2026', 0.3413696161036669)]"
"Osborn, Brad",2.795641953005371,5,"[('2011-2014', '2014-2017', 0.704990517715989), ('2014-2017', '2017-2020', 1.9012242362650114), ('2017-2020', '2020-2023', 0.10241073137393435), ('2020-2023', '2023-2026', 0.08701646765043636)]"
"Osborne, Tyler",0.29829087201045695,2,"[('2020-2023', '2023-2026', 0.29829087201045695)]"
"Ovenden, Philippa",0.0,1,[]
"O’Donnell, Shaugn",9.054768308328889,6,"[('2008-2011', '2011-2014', 2.803774391056637), ('2011-2014', '2014-2017', 1.240240112990368), ('2014-2017', '2017-2020', 1.630905257462288), ('2017-2020', '2020-2023', 2.574949883142755), ('2020-2023', '2023-2026', 0.8048986636768406)]"
"O’Hara, William",0.5499942536278666,2,"[('2020-2023', '2023-2026', 0.5499942536278666)]"
"Palmer, James K.",0.7871801961130388,3,"[('2017-2020', '2020-2023', 0.31141029167603634), ('2020-2023', '2023-2026', 0.47576990443700246)]"
"Park, Joon",0.5742690666557488,2,"[('2020-2023', '2023-2026', 0.5742690666557488)]"
"Parsons, Laurel",1.9365551102327943,4,"[('2014-2017', '2017-2020', 1.47669122522858), ('2017-2020', '2020-2023', 0.2307556169388427), ('2020-2023', '2023-2026', 0.2291082680653715)]"
"Pau, Andrew",0.0,1,[]
"Pearson, David M",0.7221451038393526,3,"[('2017-2020', '2020-2023', 0.4194551821372348), ('2020-2023', '2023-2026', 0.3026899217021178)]"
"Peck, Robert W.",7.638289560316092,6,"[('2008-2011', '2011-2014', 3.2477380264883067), ('2011-2014', '2014-2017', 0.42329600510923043), ('2014-2017', '2017-2020', 1.999903707877177), ('2017-2020', '2020-2023', 1.4401674293799283), ('2020-2023', '2023-2026', 0.5271843914614491)]"
"Peebles, Crystal A.",0.8879120696580511,3,"[('2017-2020', '2020-2023', 0.6873202311481964), ('2020-2023', '2023-2026', 0.20059183850985474)]"
"Pires, Carlos Eduardo de Barros Moreira",0.0,1,[]
"Plotkin, Richard",0.6900830166038991,3,"[('2017-2020', '2020-2023', 0.4614887995138314), ('2020-2023', '2023-2026', 0.22859421709006772)]"
"Polak, Rainer",5.591294937556303,6,"[('2008-2011', '2011-2014', 2.9316177388040785), ('2011-2014', '2014-2017', 0.1802047413514387), ('2014-2017', '2017-2020', 1.8387533236486513), ('2017-2020', '2020-2023', 0.2810393442690446), ('2020-2023', '2023-2026', 0.3596797894830902)]"
"Poon, Matthew",0.6283554442246143,2,"[('2020-2023', '2023-2026', 0.6283554442246143)]"
"Posen, Thomas William",0.0,1,[]
"Principi, Dylan",0.0,1,[]
"Probst, Stephanie",0.2426242118773714,2,"[('2020-2023', '2023-2026', 0.2426242118773714)]"
"Quaglia, Bruce W.",1.611020239955419,4,"[('2014-2017', '2017-2020', 1.2368582261644492), ('2017-2020', '2020-2023', 0.15426538368089968), ('2020-2023', '2023-2026', 0.21989663011007013)]"
"Rabinovitch, Gilad",1.5212010505169742,4,"[('2014-2017', '2017-2020', 0.2207151623513276), ('2017-2020', '2020-2023', 0.2552858632837209), ('2020-2023', '2023-2026', 1.0452000248819258)]"
"Rahn, Jay",17.03829507534004,11,"[('1993-1996', '1996-1999', 3.3455656541659553), ('1996-1999', '1999-2002', 0.04302978398520964), ('1999-2002', '2002-2005', 3.7137842607595766), ('2002-2005', '2005-2008', 1.1935415834699323), ('2005-2008', '2008-2011', 2.5237533166073924), ('2008-2011', '2011-2014', 2.408314756926854), ('2011-2014', '2014-2017', 1.6939796656885584), ('2014-2017', '2017-2020', 0.4167328370897338), ('2017-2020', '2020-2023', 0.4280561198891362), ('2020-2023', '2023-2026', 1.2715370967576913)]"
"Rao, Nancy Yunhwa",1.219748934229265,2,"[('2020-2023', '2023-2026', 1.219748934229265)]"
"Ravenscroft, Brenda",9.589465915869619,6,"[('2008-2011', '2011-2014', 2.79386336348089), ('2011-2014', '2014-2017', 1.8541364671427718), ('2014-2017', '2017-2020', 1.9386934465514838), ('2017-2020', '2020-2023', 2.016851634389154), ('2020-2023', '2023-2026', 0.9859210043053204)]"
"Rawlins, Robert",0.37243456596815777,2,"[('2020-2023', '2023-2026', 0.37243456596815777)]"
"Reed, Jacob Rosenthal",8.871163342224555,7,"[('2005-2008', '2008-2011', 1.846133469108593), ('2008-2011', '2011-2014', 3.212527616531468), ('2011-2014', '2014-2017', 0.4931765086751588), ('2014-2017', '2017-2020', 1.9452056956696118), ('2017-2020', '2020-2023', 0.9808334851077154), ('2020-2023', '2023-2026', 0.3932865671320089)]"
"Reed, S. Alexander",0.340203803666759,2,"[('2020-2023', '2023-2026', 0.340203803666759)]"
"Reenan, Sam",0.3074556666255598,2,"[('2020-2023', '2023-2026', 0.3074556666255598)]"
"Reenan, Samuel",8.20624067587297,4,"[('2014-2017', '2017-2020', 6.3804570756313455), ('2017-2020', '2020-2023', 0.8094067833675044), ('2020-2023', '2023-2026', 1.0163768168741187)]"
"Reese, Alan",0.0,1,[]
"Rehding, Alexander",1.3937824906027125,4,"[('2014-2017', '2017-2020', 0.9175796141805965), ('2017-2020', '2020-2023', 0.37563511183791887), ('2020-2023', '2023-2026', 0.10056776458419718)]"
"Remeš, Derek",1.4262574529363068,2,"[('2020-2023', '2023-2026', 1.4262574529363068)]"
"Ren, Iris",0.5591853000815803,3,"[('2017-2020', '2020-2023', 0.5300722375040618), ('2020-2023', '2023-2026', 0.029113062577518417)]"
"Reymore, Lindsey",0.0,1,[]
"Richards, Mark",2.3671753560235667,4,"[('2014-2017', '2017-2020', 2.0225411102302013), ('2017-2020', '2020-2023', 0.18648458618673644), ('2020-2023', '2023-2026', 0.15814965960662855)]"
"Rings, Steven",3.901929358990003,5,"[('2011-2014', '2014-2017', 0.3933475342763858), ('2014-2017', '2017-2020', 2.46605950109436), ('2017-2020', '2020-2023', 0.5257512870802623), ('2020-2023', '2023-2026', 0.516771036538995)]"
"Rink, John",1.055555542928401,4,"[('2014-2017', '2017-2020', 0.7811442929783626), ('2017-2020', '2020-2023', 0.05406091760529411), ('2020-2023', '2023-2026', 0.22035033234474416)]"
"Robb, Hamish J.",4.351234229961586,4,"[('2014-2017', '2017-2020', 2.1477423527218353), ('2017-2020', '2020-2023', 0.9934937350576901), ('2020-2023', '2023-2026', 1.20999814218206)]"
"Robison, Brian",16.992235823748302,11,"[('1993-1996', '1996-1999', 3.3437973142114075), ('1996-1999', '1999-2002', 0.049497674118829056), ('1999-2002', '2002-2005', 3.7202144113249163), ('2002-2005', '2005-2008', 1.1911715288298377), ('2005-2008', '2008-2011', 2.48536309761216), ('2008-2011', '2011-2014', 2.3567830310092184), ('2011-2014', '2014-2017', 2.055148927110799), ('2014-2017', '2017-2020', 0.6591994448319705), ('2017-2020', '2020-2023', 0.20654967296944143), ('2020-2023', '2023-2026', 0.9245107217297253)]"
"Rockwell, Joti",4.50222405368134,5,"[('2011-2014', '2014-2017', 0.5293357044233088), ('2014-2017', '2017-2020', 1.8792928458079843), ('2017-2020', '2020-2023', 1.624183278355972), ('2020-2023', '2023-2026', 0.46941222509407476)]"
"Rodgers, Stephen",4.962374203420685,5,"[('2011-2014', '2014-2017', 1.3786855724733356), ('2014-2017', '2017-2020', 2.1692429434825993), ('2017-2020', '2020-2023', 0.8742445642348098), ('2020-2023', '2023-2026', 0.5402011232299402)]"
"Roeder, John",19.104385515988813,11,"[('1993-1996', '1996-1999', 2.48061569472329), ('1996-1999', '1999-2002', 3.4803387580229517), ('1999-2002', '2002-2005', 2.8889378647830415), ('2002-2005', '2005-2008', 0.8746722181039269), ('2005-2008', '2008-2011', 1.7621088983308786), ('2008-2011', '2011-2014', 3.2624875990623035), ('2011-2014', '2014-2017', 0.4146720792555526), ('2014-2017', '2017-2020', 1.9711358927750258), ('2017-2020', '2020-2023', 1.418924974854554), ('2020-2023', '2023-2026', 0.5504915360772861)]"
"Rothgeb, John",15.864688736280893,7,"[('2005-2008', '2008-2011', 2.9694307780382156), ('2008-2011', '2011-2014', 2.886359299760811), ('2011-2014', '2014-2017', 2.0234063673099603), ('2014-2017', '2017-2020', 5.72375466104179), ('2017-2020', '2020-2023', 1.1545722768714832), ('2020-2023', '2023-2026', 1.1071653532586339)]"
"Rothstein, William",3.6646741732835992,4,"[('2014-2017', '2017-2020', 1.97376908311349), ('2017-2020', '2020-2023', 1.1165774940398414), ('2020-2023', '2023-2026', 0.5743275961302675)]"
"Rusch, René",2.7636218249208637,5,"[('2011-2014', '2014-2017', 0.28425296063372657), ('2014-2017', '2017-2020', 1.9185979389087262), ('2017-2020', '2020-2023', 0.42098396369432517), ('2020-2023', '2023-2026', 0.13978696168408553)]"
"Salley, Keith",2.6884826561781954,4,"[('2014-2017', '2017-2020', 1.76304153985847), ('2017-2020', '2020-2023', 0.7999449393339901), ('2020-2023', '2023-2026', 0.12549617698573493)]"
"Sallmen, Mark",5.221422856889316,5,"[('2011-2014', '2014-2017', 1.0418912934715394), ('2014-2017', '2017-2020', 1.8383527410036988), ('2017-2020', '2020-2023', 2.283423690677032), ('2020-2023', '2023-2026', 0.05775513173704655)]"
"Samarotto, Frank",7.718407961969508,5,"[('2011-2014', '2014-2017', 1.1929478021328548), ('2014-2017', '2017-2020', 3.7126133707305717), ('2017-2020', '2020-2023', 1.6013787909871307), ('2020-2023', '2023-2026', 1.2114679981189505)]"
"Samplaski, Art",7.330556357447422,7,"[('2005-2008', '2008-2011', 0.870532380837364), ('2008-2011', '2011-2014', 1.9573855244682077), ('2011-2014', '2014-2017', 1.8505948230367788), ('2014-2017', '2017-2020', 1.3503304243522356), ('2017-2020', '2020-2023', 1.023770479454796), ('2020-2023', '2023-2026', 0.2779427252980407)]"
"Sandvik, Bjørnar E.",0.7119793246256224,2,"[('2020-2023', '2023-2026', 0.7119793246256224)]"
"Sayrs, Elizabeth P.",4.187060590520527,5,"[('2011-2014', '2014-2017', 0.41362269097272875), ('2014-2017', '2017-2020', 2.2452360026621596), ('2017-2020', '2020-2023', 0.7767239607705855), ('2020-2023', '2023-2026', 0.7514779361150538)]"
"Schachter, Michael",2.534613035602767,3,"[('2017-2020', '2020-2023', 1.2915119202657308), ('2020-2023', '2023-2026', 1.2431011153370364)]"
"Schankler, Isaac",7.228741490518998,4,"[('2014-2017', '2017-2020', 4.985560515060381), ('2017-2020', '2020-2023', 1.642953556278953), ('2020-2023', '2023-2026', 0.6002274191796643)]"
"Scherzinger, Martin",0.3650450347267904,3,"[('2017-2020', '2020-2023', 0.09591041746407163), ('2020-2023', '2023-2026', 0.26913461726271876)]"
"Schmalfeldt, Janet",9.211905104094903,6,"[('2008-2011', '2011-2014', 2.6877100286155757), ('2011-2014', '2014-2017', 1.6840368094498774), ('2014-2017', '2017-2020', 2.052833917158634), ('2017-2020', '2020-2023', 1.599047850079702), ('2020-2023', '2023-2026', 1.1882764987911132)]"
"Schubert, Peter",3.063867044710936,5,"[('2011-2014', '2014-2017', 1.2033641807486295), ('2014-2017', '2017-2020', 0.491695155040739), ('2017-2020', '2020-2023', 0.4917990260357119), ('2020-2023', '2023-2026', 0.877008682885856)]"
"Schubert, Peter N.",1.2547032363780497,2,"[('2020-2023', '2023-2026', 1.2547032363780497)]"
"Schuijer, Michiel C.",16.67035883301068,10,"[('1996-1999', '1999-2002', 0.6716484182561652), ('1999-2002', '2002-2005', 2.2984065891974086), ('2002-2005', '2005-2008', 2.344424702283858), ('2005-2008', '2008-2011', 0.2920441289935838), ('2008-2011', '2011-2014', 1.655422522948584), ('2011-2014', '2014-2017', 1.632822977670131), ('2014-2017', '2017-2020', 5.8232923485872155), ('2017-2020', '2020-2023', 0.7709091085647375), ('2020-2023', '2023-2026', 1.1813880365089982)]"
"Schultz, Rob",3.56232659245545,5,"[('2011-2014', '2014-2017', 0.6118469860501623), ('2014-2017', '2017-2020', 1.8994632113246368), ('2017-2020', '2020-2023', 0.836678851738547), ('2020-2023', '2023-2026', 0.21433754334210423)]"
"Schumann, Scott C.",0.13833208235154992,2,"[('2020-2023', '2023-2026', 0.13833208235154992)]"
"Schutz, Michael",4.431226251556174,5,"[('2011-2014', '2014-2017', 0.4575970347770432), ('2014-2017', '2017-2020', 1.9242044653094852), ('2017-2020', '2020-2023', 1.590070566564299), ('2020-2023', '2023-2026', 0.45935418490534663)]"
"Scotto, Ciro G.",7.876605670454342,6,"[('2008-2011', '2011-2014', 3.127108631951458), ('2011-2014', '2014-2017', 0.37125274078988774), ('2014-2017', '2017-2020', 1.681344275105903), ('2017-2020', '2020-2023', 1.7799111700179382), ('2020-2023', '2023-2026', 0.9169888525891547)]"
"Segall, Christopher",2.868949337035362,3,"[('2017-2020', '2020-2023', 1.969274225010775), ('2020-2023', '2023-2026', 0.8996751120245867)]"
"Shaffer, Kris P.",1.5698494633678872,4,"[('2014-2017', '2017-2020', 1.2430901793691023), ('2017-2020', '2020-2023', 0.17622969101734276), ('2020-2023', '2023-2026', 0.15052959298144233)]"
"Shaftel, Matthew",0.4416769066665333,3,"[('2017-2020', '2020-2023', 0.21483327937538588), ('2020-2023', '2023-2026', 0.22684362729114743)]"
"Shanahan, Daniel",2.1592851262885575,4,"[('2014-2017', '2017-2020', 0.8463021941403356), ('2017-2020', '2020-2023', 0.48103302397860903), ('2020-2023', '2023-2026', 0.831949908169613)]"
"Shea, Nicholas",0.0,1,[]
"Shea, Nicholas J.",0.8841921154640302,2,"[('2020-2023', '2023-2026', 0.8841921154640302)]"
"Sheehy, August",6.4391802930330675,5,"[('2011-2014', '2014-2017', 1.9725724642569444), ('2014-2017', '2017-2020', 1.741399681332468), ('2017-2020', '2020-2023', 1.9559482488714455), ('2020-2023', '2023-2026', 0.7692598985722094)]"
"Sherrill, Paul",0.6902267028842454,2,"[('2020-2023', '2023-2026', 0.6902267028842454)]"
"Short, Rachel",0.0,1,[]
"Shupe, Abigail",1.2666169927277624,2,"[('2020-2023', '2023-2026', 1.2666169927277624)]"
"Slominski, Johnandrew",1.5402185950381684,4,"[('2014-2017', '2017-2020', 0.33667466791143075), ('2017-2020', '2020-2023', 0.41095879572105426), ('2020-2023', '2023-2026', 0.7925851314056833)]"
"Sly, Gordon",6.490912820964326,5,"[('2011-2014', '2014-2017', 1.0005545610664182), ('2014-2017', '2017-2020', 4.867481982576684), ('2017-2020', '2020-2023', 0.28593255074432156), ('2020-2023', '2023-2026', 0.3369437265769014)]"
"Smith, Eron",0.0,1,[]
"Smith, Jeremy W.",0.5296325671361636,2,"[('2020-2023', '2023-2026', 0.5296325671361636)]"
"Smith, Jordan B. L.",7.307781778157963,4,"[('2014-2017', '2017-2020', 5.059881105674564), ('2017-2020', '2020-2023', 1.6485173434483862), ('2020-2023', '2023-2026', 0.599383329035013)]"
"Smither, Sean R.",0.7031929362150164,3,"[('2017-2020', '2020-2023', 0.4963279406961757), ('2020-2023', '2023-2026', 0.2068649955188407)]"
"Smucker, Peter",0.29666624035277434,2,"[('2020-2023', '2023-2026', 0.29666624035277434)]"
"Snodgrass, Jennifer Sterling",8.367676310317279,7,"[('2005-2008', '2008-2011', 0.6949814383619471), ('2008-2011', '2011-2014', 2.2648112994475507), ('2011-2014', '2014-2017', 0.3856392487974274), ('2014-2017', '2017-2020', 4.15646651703364), ('2017-2020', '2020-2023', 0.34608100847282414), ('2020-2023', '2023-2026', 0.5196967982038897)]"
"Soden, Kit",0.9585678539255615,2,"[('2020-2023', '2023-2026', 0.9585678539255615)]"
"Souza, Jonathan De",1.155110407182202,2,"[('2020-2023', '2023-2026', 1.155110407182202)]"
"Spicer, Mark",5.504077260856894,7,"[('2005-2008', '2008-2011', 1.3173689710231995), ('2008-2011', '2011-2014', 1.2044128315520546), ('2011-2014', '2014-2017', 0.9928587524191606), ('2014-2017', '2017-2020', 1.8286959724427947), ('2017-2020', '2020-2023', 0.023771933541556923), ('2020-2023', '2023-2026', 0.13696879987812738)]"
"Spreadborough, Kristal",0.21042280795260765,2,"[('2020-2023', '2023-2026', 0.21042280795260765)]"
"Stankis, Jessica E.",3.7455998809923168,4,"[('2014-2017', '2017-2020', 1.61580605984113), ('2017-2020', '2020-2023', 1.0211071878744182), ('2020-2023', '2023-2026', 1.1086866332767682)]"
"Steinbeck, Paul",6.156730707091395,5,"[('2011-2014', '2014-2017', 1.5022457184187472), ('2014-2017', '2017-2020', 1.653150841308447), ('2017-2020', '2020-2023', 2.2054566525336994), ('2020-2023', '2023-2026', 0.7958774948305007)]"
"Sterbenz, Maeve",1.0680729684676606,3,"[('2017-2020', '2020-2023', 0.2547878056546349), ('2020-2023', '2023-2026', 0.8132851628130257)]"
"Stoecker, Philip",11.146327062859543,7,"[('2005-2008', '2008-2011', 2.495966639391245), ('2008-2011', '2011-2014', 2.892654465747834), ('2011-2014', '2014-2017', 1.044226782965753), ('2014-2017', '2017-2020', 1.614526103087369), ('2017-2020', '2020-2023', 2.507567406839264), ('2020-2023', '2023-2026', 0.5913856648280779)]"
"Stoia, Nicholas",0.735563709614681,3,"[('2017-2020', '2020-2023', 0.6227294770120297), ('2020-2023', '2023-2026', 0.11283423260265123)]"
"Stover, Chris",3.3648759647100746,4,"[('2014-2017', '2017-2020', 1.5250544959053567), ('2017-2020', '2020-2023', 1.3066119140432235), ('2020-2023', '2023-2026', 0.5332095547614945)]"
"Straus, Joseph N.",5.212459875691833,4,"[('2014-2017', '2017-2020', 1.5697679593105807), ('2017-2020', '2020-2023', 2.526508010851478), ('2020-2023', '2023-2026', 1.1161839055297744)]"
"Stroud, Cara",0.16894145568968916,3,"[('2017-2020', '2020-2023', 0.11593996016020058), ('2020-2023', '2023-2026', 0.05300149552948857)]"
"Sturman, Michael Vercelli and Janet",6.355641825434143,6,"[('2008-2011', '2011-2014', 3.5879887944421065), ('2011-2014', '2014-2017', 0.3870605188094783), ('2014-2017', '2017-2020', 1.5162424276379118), ('2017-2020', '2020-2023', 0.2606071211724525), ('2020-2023', '2023-2026', 0.6037429633721931)]"
"Sullivan, James",0.0,1,[]
"Summach, Jay",3.2130248453849206,5,"[('2011-2014', '2014-2017', 0.7636394359698082), ('2014-2017', '2017-2020', 2.207939983349664), ('2017-2020', '2020-2023', 0.21807373451701076), ('2020-2023', '2023-2026', 0.023371691548437455)]"
"Swinkin, Jeffrey",0.6288095363935331,2,"[('2020-2023', '2023-2026', 0.6288095363935331)]"
"Tatar, Jeremy",0.0,1,[]
"Temperley, David",3.2997479589662997,5,"[('2011-2014', '2014-2017', 0.7264805079010891), ('2014-2017', '2017-2020', 1.8178909396422058), ('2017-2020', '2020-2023', 0.6564144531183548), ('2020-2023', '2023-2026', 0.09896205830465025)]"
"Tenzer, Michael",1.4110021955824257,3,"[('2017-2020', '2020-2023', 0.5741451431325759), ('2020-2023', '2023-2026', 0.8368570524498496)]"
"Tenzer, Michael S.",6.445553934320149,6,"[('2008-2011', '2011-2014', 3.7033855185055566), ('2011-2014', '2014-2017', 0.3409198651413263), ('2014-2017', '2017-2020', 1.5242853132055545), ('2017-2020', '2020-2023', 0.2719167211333053), ('2020-2023', '2023-2026', 0.6050465163344062)]"
"Thomas, Margaret E.",3.2441568273764334,4,"[('2014-2017', '2017-2020', 2.1954291132139474), ('2017-2020', '2020-2023', 0.8960966669969438), ('2020-2023', '2023-2026', 0.1526310471655423)]"
"Townsend, Anna M. Gawboy and Justin",9.807018068555234,5,"[('2011-2014', '2014-2017', 1.5511116234644406), ('2014-2017', '2017-2020', 6.417245868407029), ('2017-2020', '2020-2023', 0.6196183897307277), ('2020-2023', '2023-2026', 1.2190421869530357)]"
"Traut, Donald G.",7.941375411393817,6,"[('2008-2011', '2011-2014', 3.0750319649396514), ('2011-2014', '2014-2017', 0.35238876200226654), ('2014-2017', '2017-2020', 1.5977130436680496), ('2017-2020', '2020-2023', 1.8366000847199995), ('2020-2023', '2023-2026', 1.0796415560638495)]"
"Trevor, Caitlyn",3.242235094932366,3,"[('2017-2020', '2020-2023', 2.3458639505251004), ('2020-2023', '2023-2026', 0.8963711444072654)]"
"Turner, John W.",0.0,1,[]
"Turner-Smith, Ronald",18.379125760690833,11,"[('1993-1996', '1996-1999', 4.299219741336533), ('1996-1999', '1999-2002', 1.3255673881777343), ('1999-2002', '2002-2005', 1.7367063313479811), ('2002-2005', '2005-2008', 0.6715306576506639), ('2005-2008', '2008-2011', 0.7152197927062678), ('2008-2011', '2011-2014', 1.8322474333921035), ('2011-2014', '2014-2017', 0.8945406321223984), ('2014-2017', '2017-2020', 5.355285679258761), ('2017-2020', '2020-2023', 0.8660239214815131), ('2020-2023', '2023-2026', 0.6827841832168787)]"
"Tymoczko, Dmitri",11.236366334197733,7,"[('2005-2008', '2008-2011', 2.4564625687830253), ('2008-2011', '2011-2014', 2.9190275623091524), ('2011-2014', '2014-2017', 0.7634991978124774), ('2014-2017', '2017-2020', 1.446760780196753), ('2017-2020', '2020-2023', 2.6284321801097916), ('2020-2023', '2023-2026', 1.0221840449865334)]"
"Urista, Diane J.",7.6533548436973025,6,"[('2008-2011', '2011-2014', 1.836816578203741), ('2011-2014', '2014-2017', 2.1937504544032596), ('2014-2017', '2017-2020', 1.9216270242101896), ('2017-2020', '2020-2023', 0.32698083488057655), ('2020-2023', '2023-2026', 1.3741799519995364)]"
"Utne-Reitan, Bjørnar",0.0,1,[]
"Utz, Christian",0.8008695513650805,2,"[('2020-2023', '2023-2026', 0.8008695513650805)]"
"VanHandel, Leigh",0.0,1,[]
"Venturino, Stephanie",0.0,1,[]
"Vélez, Daniel Villegas",1.3573521351224613,3,"[('2017-2020', '2020-2023', 0.432066363289406), ('2020-2023', '2023-2026', 0.9252857718330554)]"
"Wadsworth, Benjamin K.",0.6513971970579724,3,"[('2017-2020', '2020-2023', 0.3760036793058519), ('2020-2023', '2023-2026', 0.27539351775212056)]"
"Wallmark, Zachary",0.226222697673887,2,"[('2020-2023', '2023-2026', 0.226222697673887)]"
"Wang, Anna Yu",0.0,1,[]
"Wannamaker, Robert A.",1.0328028717378568,2,"[('2020-2023', '2023-2026', 1.0328028717378568)]"
"Waters, Keith",4.992525097966496,5,"[('2011-2014', '2014-2017', 1.3511952415945894), ('2014-2017', '2017-2020', 2.116069098569615), ('2017-2020', '2020-2023', 0.9265962479518622), ('2020-2023', '2023-2026', 0.5986645098504287)]"
"Wells, Robert L.",1.2659255907317655,3,"[('2017-2020', '2020-2023', 0.9811770398353333), ('2020-2023', '2023-2026', 0.28474855089643214)]"
"Wen, Eric",0.805509354165286,2,"[('2020-2023', '2023-2026', 0.805509354165286)]"
"White, Christopher Wm.",0.5243782558095845,2,"[('2020-2023', '2023-2026', 0.5243782558095845)]"
"Wild, Jonathan",1.430117518224748,4,"[('2014-2017', '2017-2020', 0.8789941504618827), ('2017-2020', '2020-2023', 0.4223149580546662), ('2020-2023', '2023-2026', 0.12880840970819918)]"
"Willey, Robert",2.8878429597149133,4,"[('2014-2017', '2017-2020', 1.513082027849378), ('2017-2020', '2020-2023', 1.0029366049336552), ('2020-2023', '2023-2026', 0.3718243269318802)]"
"Williams, Evan",0.0,1,[]
"Williams, Jamal",1.563799051753118,2,"[('2020-2023', '2023-2026', 1.563799051753118)]"
"Williams, Justin A.",6.438599845807428,6,"[('2008-2011', '2011-2014', 3.0391766605376915), ('2011-2014', '2014-2017', 0.5196085328261748), ('2014-2017', '2017-2020', 2.269291300811753), ('2017-2020', '2020-2023', 0.4400673512578088), ('2020-2023', '2023-2026', 0.17045600037400033)]"
"Willner, Channan",2.3562547649554113,4,"[('2014-2017', '2017-2020', 1.8811177597333204), ('2017-2020', '2020-2023', 0.25998028867136613), ('2020-2023', '2023-2026', 0.21515671655072505)]"
"Windholz, Mauro Orsini",1.5631449363472723,2,"[('2020-2023', '2023-2026', 1.5631449363472723)]"
"Woodruff, Eliot Ghofur",1.0929344974584572,2,"[('2020-2023', '2023-2026', 1.0929344974584572)]"
"Woods, Alyssa",4.942561178362494,8,"[('2002-2005', '2005-2008', 0.9009027884278324), ('2005-2008', '2008-2011', 0.6104349261559867), ('2008-2011', '2011-2014', 0.524694736666378), ('2011-2014', '2014-2017', 0.13485169030924196), ('2014-2017', '2017-2020', 1.835967129398982), ('2017-2020', '2020-2023', 0.40434571021377547), ('2020-2023', '2023-2026', 0.5313641971902981)]"
"Yi, Chen",0.8727228896317738,2,"[('2020-2023', '2023-2026', 0.8727228896317738)]"
"Yorgason, Brent",0.02322526271691244,2,"[('2020-2023', '2023-2026', 0.02322526271691244)]"
"Yunek, Jeffrey Scott",0.0,1,[]
"Yust, Jason",0.8064210630826445,3,"[('2017-2020', '2020-2023', 0.45805362763834084), ('2020-2023', '2023-2026', 0.34836743544430365)]"
"Zavlunov, Daniil",4.704830890363344,4,"[('2014-2017', '2017-2020', 2.1327076235735634), ('2017-2020', '2020-2023', 1.5044941059629733), ('2020-2023', '2023-2026', 1.0676291608268074)]"
"Zayaruznaya, Anna",1.3923310678792118,3,"[('2017-2020', '2020-2023', 1.104071073376822), ('2020-2023', '2023-2026', 0.2882599945023898)]"
"Zbikowski, Lawrence M.",18.185548045453515,11,"[('1993-1996', '1996-1999', 3.3246175946615626), ('1996-1999', '1999-2002', 0.030785434175816716), ('1999-2002', '2002-2005', 3.7120600147235105), ('2002-2005', '2005-2008', 1.1287911025187896), ('2005-2008', '2008-2011', 2.4775891896513484), ('2008-2011', '2011-2014', 2.3905488077842283), ('2011-2014', '2014-2017', 2.4037455102263254), ('2014-2017', '2017-2020', 1.4915375879123216), ('2017-2020', '2020-2023', 0.24920862602107252), ('2020-2023', '2023-2026', 0.9766641777785369)]"
"Zeller, Matthew",2.1334486707658327,2,"[('2020-2023', '2023-2026', 2.1334486707658327)]"
"Zhang, Xieyi (Abby)",0.0,1,[]
