keyword,drift_total,distances
note,6.0,"[('1993-1997', '1998-2002', 1.0), ('1998-2002', '2003-2007', 1.0), ('2003-2007', '2008-2012', 1.0), ('2008-2012', '2013-2017', 1.0), ('2013-2017', '2018-2022', 1.0), ('2018-2022', '2023-2027', 1.0)]"
counterpoint,5.885292133064719,"[('1993-1997', '1998-2002', 1.0), ('1998-2002', '2003-2007', 1.0), ('2003-2007', '2008-2012', 1.0), ('2008-2012', '2013-2017', 0.8852921330647191), ('2013-2017', '2018-2022', 1.0), ('2018-2022', '2023-2027', 1.0)]"
schoenberg,5.703988503592382,"[('1993-1997', '1998-2002', 0.8775255128608411), ('1998-2002', '2003-2007', 0.947295372330527), ('2003-2007', '2008-2012', 1.0), ('2008-2012', '2013-2017', 0.9246221638555591), ('2013-2017', '2018-2022', 0.9545454545454546), ('2018-2022', '2023-2027', 1.0)]"
harmony,5.682668260288787,"[('1993-1997', '1998-2002', 1.0), ('1998-2002', '2003-2007', 1.0), ('2003-2007', '2008-2012', 0.9283885125960567), ('2008-2012', '2013-2017', 0.9144079014978174), ('2013-2017', '2018-2022', 1.0), ('2018-2022', '2023-2027', 0.8398718461949128)]"
voice,5.6721206945931995,"[('1993-1997', '1998-2002', 1.0), ('1998-2002', '2003-2007', 1.0), ('2003-2007', '2008-2012', 0.8692559099078773), ('2008-2012', '2013-2017', 0.9258750683338899), ('2013-2017', '2018-2022', 0.9436563830180988), ('2018-2022', '2023-2027', 0.9333333333333333)]"
notation,5.666670141876063,"[('1993-1997', '1998-2002', 0.8492443277111181), ('1998-2002', '2003-2007', 1.0), ('2003-2007', '2008-2012', 1.0), ('2008-2012', '2013-2017', 1.0), ('2013-2017', '2018-2022', 1.0), ('2018-2022', '2023-2027', 0.8174258141649446)]"
transformations,5.640147867008251,"[('1993-1997', '1998-2002', 1.0), ('1998-2002', '2003-2007', 0.9037749551350623), ('2003-2007', '2008-2012', 0.8132959887962653), ('2008-2012', '2013-2017', 1.0), ('2013-2017', '2018-2022', 0.9230769230769231), ('2018-2022', '2023-2027', 1.0)]"
data,5.561017763495387,"[('1993-1997', '1998-2002', 0.75), ('1998-2002', '2003-2007', 1.0), ('2003-2007', '2008-2012', 1.0), ('2008-2012', '2013-2017', 1.0), ('2013-2017', '2018-2022', 0.8110177634953863), ('2018-2022', '2023-2027', 1.0)]"
bass,5.549103444274424,"[('1993-1997', '1998-2002', 1.0), ('1998-2002', '2003-2007', 1.0), ('2003-2007', '2008-2012', 0.7113248654051871), ('2008-2012', '2013-2017', 1.0), ('2013-2017', '2018-2022', 1.0), ('2018-2022', '2023-2027', 0.8377785788692375)]"
beethoven,5.492306761555449,"[('1993-1997', '1998-2002', 1.0), ('1998-2002', '2003-2007', 1.0), ('2003-2007', '2008-2012', 0.8398718461949128), ('2008-2012', '2013-2017', 0.8932478974632753), ('2013-2017', '2018-2022', 0.8567770251921134), ('2018-2022', '2023-2027', 0.9024099927051467)]"
sketches,5.33336039239596,"[('1993-1997', '1998-2002', 1.0), ('1998-2002', '2003-2007', 1.0), ('2003-2007', '2008-2012', 0.6220355269907727), ('2008-2012', '2013-2017', 0.7113248654051871), ('2013-2017', '2018-2022', 1.0), ('2018-2022', '2023-2027', 1.0)]"
dissonance,5.320021482167339,"[('1993-1997', '1998-2002', 0.850928801500014), ('1998-2002', '2003-2007', 1.0), ('2003-2007', '2008-2012', 1.0), ('2008-2012', '2013-2017', 1.0), ('2013-2017', '2018-2022', 0.6077677297236319), ('2018-2022', '2023-2027', 0.8613249509436927)]"
schenker,5.299027945567422,"[('1993-1997', '1998-2002', 0.9122941980692971), ('1998-2002', '2003-2007', 1.0), ('2003-2007', '2008-2012', 1.0), ('2008-2012', '2013-2017', 1.0), ('2013-2017', '2018-2022', 0.772492122403355), ('2018-2022', '2023-2027', 0.6142416250947702)]"
performers,5.263048860122107,"[('1993-1997', '1998-2002', 1.0), ('1998-2002', '2003-2007', 1.0), ('2003-2007', '2008-2012', 0.7958758547680684), ('2008-2012', '2013-2017', 0.6557348136704517), ('2013-2017', '2018-2022', 0.8114381916835873), ('2018-2022', '2023-2027', 1.0)]"
bach,5.090093904024824,"[('1993-1997', '1998-2002', 1.0), ('1998-2002', '2003-2007', 0.882148869802242), ('2003-2007', '2008-2012', 0.8639172365120457), ('2008-2012', '2013-2017', 0.7958758547680684), ('2013-2017', '2018-2022', 0.8063508326896291), ('2018-2022', '2023-2027', 0.7418011102528388)]"
pitch,5.087132969984084,"[('1993-1997', '1998-2002', 0.8436141894571939), ('1998-2002', '2003-2007', 0.8469068910760513), ('2003-2007', '2008-2012', 0.7524631142558313), ('2008-2012', '2013-2017', 0.8941487751950074), ('2013-2017', '2018-2022', 1.0), ('2018-2022', '2023-2027', 0.75)]"
meter,5.016238872225761,"[('1993-1997', '1998-2002', 0.6597930912801141), ('1998-2002', '2003-2007', 1.0), ('2003-2007', '2008-2012', 1.0), ('2008-2012', '2013-2017', 0.7609542781331213), ('2013-2017', '2018-2022', 0.7204915028125263), ('2018-2022', '2023-2027', 0.875)]"
material,5.0,"[('1993-1997', '1998-2002', 1.0), ('1998-2002', '2003-2007', 1.0), ('2003-2007', '2013-2017', 1.0), ('2013-2017', '2018-2022', 1.0), ('2018-2022', '2023-2027', 1.0)]"
scale,5.0,"[('1993-1997', '1998-2002', 1.0), ('1998-2002', '2003-2007', 1.0), ('2003-2007', '2008-2012', 1.0), ('2008-2012', '2013-2017', 1.0), ('2013-2017', '2018-2022', 1.0)]"
models,5.0,"[('1993-1997', '1998-2002', 1.0), ('1998-2002', '2003-2007', 1.0), ('2003-2007', '2008-2012', 1.0), ('2008-2012', '2013-2017', 1.0), ('2013-2017', '2018-2022', 1.0)]"
mozart,4.896679545569385,"[('1993-1997', '1998-2002', 1.0), ('1998-2002', '2003-2007', 0.591751709536137), ('2003-2007', '2008-2012', 1.0), ('2008-2012', '2013-2017', 0.8556624327025936), ('2013-2017', '2018-2022', 0.7165266452430796), ('2018-2022', '2023-2027', 0.7327387580875756)]"
space,4.870900555126419,"[('1993-1997', '1998-2002', 1.0), ('1998-2002', '2003-2007', 1.0), ('2003-2007', '2008-2012', 1.0), ('2008-2012', '2018-2022', 0.8709005551264194), ('2018-2022', '2023-2027', 1.0)]"
schumann,4.863917236512046,"[('1993-1997', '1998-2002', 0.8639172365120457), ('1998-2002', '2003-2007', 1.0), ('2003-2007', '2008-2012', 1.0), ('2008-2012', '2013-2017', 1.0), ('2013-2017', '2018-2022', 1.0)]"
narrative,4.833333333333334,"[('1998-2002', '2003-2007', 1.0), ('2003-2007', '2008-2012', 1.0), ('2008-2012', '2013-2017', 1.0), ('2013-2017', '2018-2022', 0.8333333333333334), ('2018-2022', '2023-2027', 1.0)]"
dance,4.817425814164944,"[('1993-1997', '1998-2002', 1.0), ('1998-2002', '2003-2007', 1.0), ('2003-2007', '2013-2017', 1.0), ('2013-2017', '2018-2022', 1.0), ('2018-2022', '2023-2027', 0.8174258141649446)]"
hypermeter,4.817425814164944,"[('1993-1997', '1998-2002', 1.0), ('1998-2002', '2008-2012', 0.8174258141649446), ('2008-2012', '2013-2017', 1.0), ('2013-2017', '2018-2022', 1.0), ('2018-2022', '2023-2027', 1.0)]"
time,4.7571037915643,"[('1993-1997', '1998-2002', 0.9116116523516815), ('1998-2002', '2003-2007', 1.0), ('2003-2007', '2013-2017', 1.0), ('2013-2017', '2018-2022', 0.8454921392126186), ('2018-2022', '2023-2027', 1.0)]"
pop,4.741801110252839,"[('1998-2002', '2003-2007', 1.0), ('2003-2007', '2008-2012', 0.7418011102528388), ('2008-2012', '2013-2017', 1.0), ('2013-2017', '2018-2022', 1.0), ('2018-2022', '2023-2027', 1.0)]"
smith,4.72947919888911,"[('1993-1997', '2003-2007', 1.0), ('2003-2007', '2008-2012', 0.8709005551264194), ('2008-2012', '2013-2017', 0.8585786437626906), ('2013-2017', '2018-2022', 1.0), ('2018-2022', '2023-2027', 1.0)]"
carter,4.711324865405187,"[('1998-2002', '2003-2007', 1.0), ('2003-2007', '2008-2012', 0.7113248654051871), ('2008-2012', '2013-2017', 1.0), ('2013-2017', '2018-2022', 1.0), ('2018-2022', '2023-2027', 1.0)]"
cage,4.711324865405187,"[('1993-1997', '1998-2002', 0.7113248654051871), ('1998-2002', '2003-2007', 1.0), ('2003-2007', '2008-2012', 1.0), ('2008-2012', '2013-2017', 1.0), ('2013-2017', '2018-2022', 1.0)]"
melody,4.695746511395135,"[('1993-1997', '1998-2002', 1.0), ('1998-2002', '2008-2012', 0.8881966011250105), ('2008-2012', '2013-2017', 1.0), ('2013-2017', '2018-2022', 0.8075499102701247), ('2018-2022', '2023-2027', 1.0)]"
brahms,4.678885737405956,"[('1993-1997', '1998-2002', 1.0), ('1998-2002', '2003-2007', 1.0), ('2003-2007', '2008-2012', 0.823223304703363), ('2008-2012', '2013-2017', 0.8556624327025936), ('2013-2017', '2018-2022', 1.0)]"
closure,4.666666666666666,"[('1993-1997', '1998-2002', 1.0), ('1998-2002', '2008-2012', 1.0), ('2008-2012', '2013-2017', 1.0), ('2013-2017', '2018-2022', 1.0), ('2018-2022', '2023-2027', 0.6666666666666665)]"
adorno,4.6292091881014015,"[('1993-1997', '1998-2002', 1.0), ('1998-2002', '2003-2007', 1.0), ('2003-2007', '2008-2012', 0.7958758547680684), ('2008-2012', '2013-2017', 1.0), ('2013-2017', '2018-2022', 0.8333333333333334)]"
fifths,4.61509982054025,"[('1998-2002', '2003-2007', 1.0), ('2003-2007', '2008-2012', 1.0), ('2008-2012', '2013-2017', 1.0), ('2013-2017', '2018-2022', 0.6150998205402495), ('2018-2022', '2023-2027', 1.0)]"
tonality,4.614437936214237,"[('1993-1997', '1998-2002', 1.0), ('1998-2002', '2003-2007', 1.0), ('2003-2007', '2008-2012', 1.0), ('2008-2012', '2013-2017', 0.7763932022500211), ('2013-2017', '2018-2022', 0.8380447339642167)]"
composition,4.587521044307848,"[('1993-1997', '1998-2002', 0.7642977396044841), ('1998-2002', '2003-2007', 1.0), ('2003-2007', '2008-2012', 1.0), ('2008-2012', '2013-2017', 1.0), ('2013-2017', '2018-2022', 0.8232233047033631)]"
lyrics,4.559340032161607,"[('1998-2002', '2003-2007', 1.0), ('2003-2007', '2008-2012', 0.8492443277111181), ('2008-2012', '2013-2017', 0.879126555396193), ('2013-2017', '2018-2022', 0.8309691490542966), ('2018-2022', '2023-2027', 1.0)]"
rhythm,4.549633924491224,"[('1993-1997', '1998-2002', 0.8556624327025936), ('1998-2002', '2003-2007', 0.683772233983162), ('2003-2007', '2008-2012', 0.7609542781331212), ('2008-2012', '2013-2017', 0.7582531107923859), ('2013-2017', '2018-2022', 0.7582531107923859), ('2018-2022', '2023-2027', 0.7327387580875756)]"
exposition,4.467732177028681,"[('1993-1997', '1998-2002', 0.8456966500379081), ('1998-2002', '2008-2012', 0.6220355269907727), ('2008-2012', '2013-2017', 1.0), ('2013-2017', '2018-2022', 1.0), ('2018-2022', '2023-2027', 1.0)]"
cycles,4.367544467966324,"[('1998-2002', '2003-2007', 1.0), ('2003-2007', '2008-2012', 1.0), ('2008-2012', '2013-2017', 0.683772233983162), ('2013-2017', '2018-2022', 1.0), ('2018-2022', '2023-2027', 0.683772233983162)]"
notes,4.356049449140621,"[('1993-1997', '1998-2002', 0.5917517095361369), ('1998-2002', '2008-2012', 0.7642977396044841), ('2008-2012', '2013-2017', 1.0), ('2013-2017', '2018-2022', 1.0), ('2018-2022', '2023-2027', 1.0)]"
lewin,4.35036464549895,"[('1993-1997', '1998-2002', 0.8639172365120457), ('1998-2002', '2003-2007', 1.0), ('2003-2007', '2008-2012', 0.4864474089869044), ('2008-2012', '2013-2017', 1.0), ('2013-2017', '2018-2022', 1.0)]"
key,4.343887640805311,"[('1993-1997', '1998-2002', 0.6913933000758161), ('1998-2002', '2003-2007', 1.0), ('2003-2007', '2013-2017', 0.8881966011250105), ('2013-2017', '2018-2022', 0.7642977396044841), ('2018-2022', '2023-2027', 1.0)]"
mode,4.340536138403349,"[('1993-1997', '1998-2002', 1.0), ('1998-2002', '2008-2012', 1.0), ('2008-2012', '2013-2017', 0.7278344730240913), ('2013-2017', '2018-2022', 0.6127016653792583), ('2018-2022', '2023-2027', 1.0)]"
language,4.314571369559975,"[('1993-1997', '1998-2002', 1.0), ('1998-2002', '2008-2012', 0.4836022205056776), ('2008-2012', '2013-2017', 0.8309691490542966), ('2013-2017', '2018-2022', 1.0), ('2018-2022', '2023-2027', 1.0)]"
chord,4.245744402517069,"[('1993-1997', '1998-2002', 0.7375680594592611), ('1998-2002', '2003-2007', 0.7989924369481576), ('2003-2007', '2008-2012', 0.49167143222465115), ('2008-2012', '2013-2017', 0.5848716530703213), ('2013-2017', '2018-2022', 0.6326408208146774), ('2018-2022', '2023-2027', 1.0)]"
tempo,4.179630289546528,"[('1993-1997', '1998-2002', 0.7817821097640076), ('1998-2002', '2003-2007', 1.0), ('2003-2007', '2008-2012', 0.841886116991581), ('2008-2012', '2013-2017', 0.8232233047033631), ('2013-2017', '2018-2022', 0.7327387580875756)]"
tonic,4.141592463828276,"[('1993-1997', '2003-2007', 1.0), ('2003-2007', '2008-2012', 0.8867722965855405), ('2008-2012', '2013-2017', 0.8398718461949128), ('2013-2017', '2018-2022', 0.6334916669310844), ('2018-2022', '2023-2027', 0.7814566541167388)]"
chords,4.135025455028741,"[('1993-1997', '1998-2002', 0.7883331216663492), ('1998-2002', '2003-2007', 0.8285014148574912), ('2003-2007', '2008-2012', 0.6231488268259084), ('2008-2012', '2013-2017', 0.5011123484301412), ('2013-2017', '2018-2022', 0.6372618749449941), ('2018-2022', '2023-2027', 0.7566678683038561)]"
fugue,4.08971373496696,"[('1993-1997', '1998-2002', 1.0), ('1998-2002', '2003-2007', 0.75), ('2003-2007', '2008-2012', 0.8232233047033631), ('2008-2012', '2013-2017', 0.841886116991581), ('2013-2017', '2018-2022', 0.6746043132720156)]"
scores,4.069147202211137,"[('1993-1997', '2003-2007', 1.0), ('2003-2007', '2008-2012', 1.0), ('2008-2012', '2013-2017', 0.4921666249229918), ('2013-2017', '2018-2022', 0.8126828376836611), ('2018-2022', '2023-2027', 0.7642977396044841)]"
exercises,4.005638969527804,"[('1993-1997', '2003-2007', 1.0), ('2003-2007', '2008-2012', 1.0), ('2008-2012', '2013-2017', 0.5370899501137242), ('2013-2017', '2018-2022', 0.6726731646460113), ('2018-2022', '2023-2027', 0.7958758547680684)]"
ligeti,4.0,"[('1993-1997', '1998-2002', 1.0), ('1998-2002', '2013-2017', 1.0), ('2013-2017', '2018-2022', 1.0), ('2018-2022', '2023-2027', 1.0)]"
interpretation,4.0,"[('1993-1997', '2003-2007', 1.0), ('2003-2007', '2008-2012', 1.0), ('2008-2012', '2013-2017', 1.0), ('2013-2017', '2018-2022', 1.0)]"
history,4.0,"[('1993-1997', '2003-2007', 1.0), ('2003-2007', '2008-2012', 1.0), ('2008-2012', '2013-2017', 1.0), ('2013-2017', '2018-2022', 1.0)]"
voices,4.0,"[('1993-1997', '2003-2007', 1.0), ('2003-2007', '2013-2017', 1.0), ('2013-2017', '2018-2022', 1.0), ('2018-2022', '2023-2027', 1.0)]"
webern,4.0,"[('1993-1997', '1998-2002', 1.0), ('1998-2002', '2013-2017', 1.0), ('2013-2017', '2018-2022', 1.0), ('2018-2022', '2023-2027', 1.0)]"
teaching,4.0,"[('1998-2002', '2008-2012', 1.0), ('2008-2012', '2013-2017', 1.0), ('2013-2017', '2018-2022', 1.0), ('2018-2022', '2023-2027', 1.0)]"
listeners,4.0,"[('1993-1997', '1998-2002', 1.0), ('1998-2002', '2003-2007', 1.0), ('2003-2007', '2013-2017', 1.0), ('2013-2017', '2018-2022', 1.0)]"
syllables,4.0,"[('1998-2002', '2008-2012', 1.0), ('2008-2012', '2013-2017', 1.0), ('2013-2017', '2018-2022', 1.0), ('2018-2022', '2023-2027', 1.0)]"
listening,4.0,"[('1993-1997', '2003-2007', 1.0), ('2003-2007', '2008-2012', 1.0), ('2008-2012', '2013-2017', 1.0), ('2013-2017', '2018-2022', 1.0)]"
sets,4.0,"[('1993-1997', '1998-2002', 1.0), ('1998-2002', '2003-2007', 1.0), ('2003-2007', '2008-2012', 1.0), ('2008-2012', '2013-2017', 1.0)]"
love,4.0,"[('1998-2002', '2003-2007', 1.0), ('2003-2007', '2008-2012', 1.0), ('2008-2012', '2013-2017', 1.0), ('2013-2017', '2018-2022', 1.0)]"
repetition,4.0,"[('1998-2002', '2003-2007', 1.0), ('2003-2007', '2008-2012', 1.0), ('2008-2012', '2013-2017', 1.0), ('2013-2017', '2018-2022', 1.0)]"
ravel,4.0,"[('1998-2002', '2003-2007', 1.0), ('2003-2007', '2008-2012', 1.0), ('2008-2012', '2013-2017', 1.0), ('2013-2017', '2018-2022', 1.0)]"
piano,4.0,"[('1993-1997', '2003-2007', 1.0), ('2003-2007', '2013-2017', 1.0), ('2013-2017', '2018-2022', 1.0), ('2018-2022', '2023-2027', 1.0)]"
performer,4.0,"[('1993-1997', '2003-2007', 1.0), ('2003-2007', '2008-2012', 1.0), ('2008-2012', '2013-2017', 1.0), ('2013-2017', '2018-2022', 1.0)]"
perception,4.0,"[('1993-1997', '2008-2012', 1.0), ('2008-2012', '2013-2017', 1.0), ('2013-2017', '2018-2022', 1.0), ('2018-2022', '2023-2027', 1.0)]"
musical examples,4.0,"[('1993-1997', '1998-2002', 1.0), ('1998-2002', '2003-2007', 1.0), ('2003-2007', '2013-2017', 1.0), ('2013-2017', '2018-2022', 1.0)]"
opera,4.0,"[('1993-1997', '2003-2007', 1.0), ('2003-2007', '2013-2017', 1.0), ('2013-2017', '2018-2022', 1.0), ('2018-2022', '2023-2027', 1.0)]"
pcs,4.0,"[('1998-2002', '2003-2007', 1.0), ('2003-2007', '2008-2012', 1.0), ('2008-2012', '2013-2017', 1.0), ('2013-2017', '2018-2022', 1.0)]"
modulation,4.0,"[('1998-2002', '2003-2007', 1.0), ('2003-2007', '2008-2012', 1.0), ('2008-2012', '2013-2017', 1.0), ('2013-2017', '2023-2027', 1.0)]"
antecedent,4.0,"[('1993-1997', '2008-2012', 1.0), ('2008-2012', '2013-2017', 1.0), ('2013-2017', '2018-2022', 1.0), ('2018-2022', '2023-2027', 1.0)]"
audio,4.0,"[('1993-1997', '2008-2012', 1.0), ('2008-2012', '2013-2017', 1.0), ('2013-2017', '2018-2022', 1.0), ('2018-2022', '2023-2027', 1.0)]"
babbitt,4.0,"[('1993-1997', '2003-2007', 1.0), ('2003-2007', '2008-2012', 1.0), ('2008-2012', '2013-2017', 1.0), ('2013-2017', '2018-2022', 1.0)]"
jazz,3.992001016592714,"[('1998-2002', '2003-2007', 1.0), ('2003-2007', '2008-2012', 0.9154845745271484), ('2008-2012', '2013-2017', 0.6012441709766185), ('2013-2017', '2018-2022', 0.6043717159625277), ('2018-2022', '2023-2027', 0.8709005551264194)]"
performances,3.961324865405187,"[('1993-1997', '1998-2002', 1.0), ('1998-2002', '2003-2007', 1.0), ('2003-2007', '2008-2012', 0.5), ('2008-2012', '2013-2017', 0.75), ('2013-2017', '2018-2022', 0.7113248654051871)]"
ii,3.9082691312194293,"[('1993-1997', '1998-2002', 1.0), ('1998-2002', '2008-2012', 0.7303200550147031), ('2008-2012', '2013-2017', 0.7538170180413345), ('2013-2017', '2018-2022', 0.6913933000758161), ('2018-2022', '2023-2027', 0.7327387580875756)]"
progressions,3.9020027411965854,"[('1998-2002', '2003-2007', 0.5714285714285714), ('2003-2007', '2008-2012', 0.6220355269907727), ('2008-2012', '2013-2017', 0.894590744661054), ('2013-2017', '2018-2022', 0.8139478981161873), ('2018-2022', '2023-2027', 1.0)]"
energy,3.8867722965855407,"[('2003-2007', '2008-2012', 0.8867722965855405), ('2008-2012', '2013-2017', 1.0), ('2013-2017', '2018-2022', 1.0), ('2018-2022', '2023-2027', 1.0)]"
musicology,3.886039423540362,"[('1993-1997', '1998-2002', 0.886039423540362), ('1998-2002', '2008-2012', 1.0), ('2008-2012', '2013-2017', 1.0), ('2013-2017', '2023-2027', 1.0)]"
debussy,3.880477139066561,"[('1998-2002', '2003-2007', 0.8804771390665607), ('2003-2007', '2008-2012', 1.0), ('2008-2012', '2013-2017', 1.0), ('2013-2017', '2018-2022', 1.0)]"
patterns,3.875,"[('1993-1997', '1998-2002', 0.875), ('1998-2002', '2008-2012', 1.0), ('2008-2012', '2018-2022', 1.0), ('2018-2022', '2023-2027', 1.0)]"
bernstein,3.8709005551264193,"[('1998-2002', '2003-2007', 1.0), ('2003-2007', '2008-2012', 1.0), ('2008-2012', '2013-2017', 0.8709005551264194), ('2013-2017', '2023-2027', 1.0)]"
rock,3.86403948904583,"[('1998-2002', '2003-2007', 0.9055088817476932), ('2003-2007', '2008-2012', 0.5120499635257334), ('2008-2012', '2013-2017', 0.701857603000028), ('2013-2017', '2018-2022', 0.7446230407723754), ('2018-2022', '2023-2027', 1.0)]"
riemann,3.8585786437626908,"[('1993-1997', '1998-2002', 0.8585786437626906), ('1998-2002', '2003-2007', 1.0), ('2003-2007', '2008-2012', 1.0), ('2008-2012', '2018-2022', 1.0)]"
pulse,3.8585786437626903,"[('1998-2002', '2003-2007', 1.0), ('2003-2007', '2008-2012', 1.0), ('2008-2012', '2018-2022', 0.8585786437626904), ('2018-2022', '2023-2027', 1.0)]"
art,3.845696650037908,"[('1993-1997', '2003-2007', 1.0), ('2003-2007', '2013-2017', 0.8456966500379081), ('2013-2017', '2018-2022', 1.0), ('2018-2022', '2023-2027', 1.0)]"
rameau,3.841886116991581,"[('1993-1997', '1998-2002', 0.841886116991581), ('1998-2002', '2008-2012', 1.0), ('2008-2012', '2013-2017', 1.0), ('2013-2017', '2018-2022', 1.0)]"
bars,3.833333333333333,"[('1993-1997', '1998-2002', 1.0), ('1998-2002', '2003-2007', 1.0), ('2003-2007', '2008-2012', 0.8333333333333333), ('2008-2012', '2018-2022', 1.0)]"
phrases,3.8309691490542965,"[('2003-2007', '2008-2012', 1.0), ('2008-2012', '2013-2017', 1.0), ('2013-2017', '2018-2022', 1.0), ('2018-2022', '2023-2027', 0.8309691490542966)]"
scales,3.8174258141649444,"[('1993-1997', '1998-2002', 1.0), ('1998-2002', '2008-2012', 1.0), ('2008-2012', '2013-2017', 1.0), ('2013-2017', '2018-2022', 0.8174258141649446)]"
motion,3.8093074821508814,"[('1993-1997', '2003-2007', 1.0), ('2003-2007', '2008-2012', 1.0), ('2008-2012', '2013-2017', 1.0), ('2013-2017', '2018-2022', 0.8093074821508816)]"
participants,3.807549910270125,"[('2003-2007', '2008-2012', 0.8075499102701247), ('2008-2012', '2013-2017', 1.0), ('2013-2017', '2018-2022', 1.0), ('2018-2022', '2023-2027', 1.0)]"
movements,3.803883864861816,"[('1998-2002', '2003-2007', 1.0), ('2003-2007', '2008-2012', 1.0), ('2008-2012', '2013-2017', 0.803883864861816), ('2013-2017', '2018-2022', 1.0)]"
set classes,3.7817821097640074,"[('1993-1997', '1998-2002', 1.0), ('1998-2002', '2003-2007', 1.0), ('2003-2007', '2008-2012', 0.7817821097640076), ('2008-2012', '2013-2017', 1.0)]"
schubert,3.7225289442581326,"[('1993-1997', '2003-2007', 0.894590744661054), ('2003-2007', '2008-2012', 1.0), ('2008-2012', '2013-2017', 0.9426460665323596), ('2013-2017', '2018-2022', 0.8852921330647191)]"
everett,3.721121937984186,"[('1998-2002', '2003-2007', 0.5285954792089682), ('2003-2007', '2008-2012', 0.41074434901121026), ('2008-2012', '2013-2017', 0.7817821097640076), ('2013-2017', '2018-2022', 1.0), ('2018-2022', '2023-2027', 1.0)]"
film,3.698223304703363,"[('1993-1997', '2003-2007', 0.8232233047033631), ('2003-2007', '2013-2017', 1.0), ('2013-2017', '2018-2022', 0.875), ('2018-2022', '2023-2027', 1.0)]"
smt,3.698173674329673,"[('1993-1997', '1998-2002', 1.0), ('1998-2002', '2003-2007', 0.42264973081037416), ('2003-2007', '2008-2012', 0.5917517095361369), ('2008-2012', '2013-2017', 0.683772233983162), ('2013-2017', '2018-2022', 1.0)]"
triad,3.6973574747376574,"[('1993-1997', '2008-2012', 0.871435130693355), ('2008-2012', '2013-2017', 0.8259223440443022), ('2013-2017', '2018-2022', 1.0), ('2018-2022', '2023-2027', 1.0)]"
cycle,3.6914530247198303,"[('1998-2002', '2008-2012', 1.0), ('2008-2012', '2013-2017', 1.0), ('2013-2017', '2018-2022', 0.9046537410754407), ('2018-2022', '2023-2027', 0.7867992836443896)]"
theme,3.6772513878160487,"[('1993-1997', '2003-2007', 1.0), ('2003-2007', '2013-2017', 1.0), ('2013-2017', '2018-2022', 0.6772513878160485), ('2018-2022', '2023-2027', 1.0)]"
musicians,3.6372618749449943,"[('1993-1997', '1998-2002', 1.0), ('1998-2002', '2003-2007', 1.0), ('2003-2007', '2013-2017', 1.0), ('2013-2017', '2018-2022', 0.6372618749449941)]"
movement,3.627107169565179,"[('2003-2007', '2008-2012', 1.0), ('2008-2012', '2013-2017', 0.803883864861816), ('2013-2017', '2018-2022', 1.0), ('2018-2022', '2023-2027', 0.8232233047033631)]"
timing,3.602640292880487,"[('1993-1997', '2003-2007', 1.0), ('2003-2007', '2008-2012', 0.6026402928804868), ('2008-2012', '2013-2017', 1.0), ('2013-2017', '2018-2022', 1.0)]"
octatonic,3.591751709536137,"[('1998-2002', '2008-2012', 1.0), ('2008-2012', '2013-2017', 1.0), ('2013-2017', '2018-2022', 1.0), ('2018-2022', '2023-2027', 0.591751709536137)]"
tones,3.5660687892170686,"[('1998-2002', '2003-2007', 0.8110177634953863), ('2003-2007', '2013-2017', 1.0), ('2013-2017', '2018-2022', 0.7550510257216821), ('2018-2022', '2023-2027', 1.0)]"
china,3.5612574113277207,"[('1993-1997', '1998-2002', 0.6666666666666665), ('1998-2002', '2008-2012', 1.0), ('2008-2012', '2018-2022', 1.0), ('2018-2022', '2023-2027', 0.894590744661054)]"
duration,3.552786404500042,"[('1993-1997', '1998-2002', 0.5527864045000421), ('1998-2002', '2003-2007', 1.0), ('2003-2007', '2008-2012', 1.0), ('2008-2012', '2013-2017', 1.0)]"
boulez,3.550134899233604,"[('1993-1997', '1998-2002', 0.8881966011250105), ('1998-2002', '2003-2007', 0.6619382981085933), ('2003-2007', '2018-2022', 1.0), ('2018-2022', '2023-2027', 1.0)]"
popular music,3.5329684727885056,"[('1998-2002', '2003-2007', 0.8259223440443022), ('2003-2007', '2008-2012', 0.8075499102701247), ('2008-2012', '2013-2017', 0.8994962184740788), ('2013-2017', '2018-2022', 1.0)]"
haydn,3.510451275272202,"[('1998-2002', '2003-2007', 1.0), ('2003-2007', '2008-2012', 1.0), ('2008-2012', '2013-2017', 0.7398670091427639), ('2013-2017', '2018-2022', 0.7705842661294382)]"
recordings,3.4555711181010453,"[('2003-2007', '2008-2012', 0.7113248654051871), ('2008-2012', '2013-2017', 0.8333333333333334), ('2013-2017', '2018-2022', 0.9109129193625252), ('2018-2022', '2023-2027', 1.0)]"
composers,3.4530766604798293,"[('1993-1997', '1998-2002', 0.8613249509436927), ('1998-2002', '2003-2007', 0.5917517095361369), ('2003-2007', '2013-2017', 1.0), ('2013-2017', '2018-2022', 1.0)]"
minor,3.4514052098235624,"[('1993-1997', '2003-2007', 0.9019419324309079), ('2003-2007', '2008-2012', 0.7851655377881701), ('2008-2012', '2013-2017', 1.0), ('2013-2017', '2018-2022', 0.7642977396044841)]"
stravinsky,3.435414033556159,"[('1993-1997', '2003-2007', 1.0), ('2003-2007', '2008-2012', 0.7979694910895578), ('2008-2012', '2013-2017', 0.7817821097640076), ('2013-2017', '2018-2022', 0.8556624327025936)]"
sonata,3.4138549520997534,"[('1998-2002', '2003-2007', 0.683772233983162), ('2003-2007', '2013-2017', 0.8881966011250105), ('2013-2017', '2018-2022', 0.841886116991581), ('2018-2022', '2023-2027', 1.0)]"
women,3.4110435269564765,"[('1993-1997', '1998-2002', 0.746453723581445), ('1998-2002', '2013-2017', 0.6645898033750315), ('2013-2017', '2018-2022', 1.0), ('2018-2022', '2023-2027', 1.0)]"
melodies,3.393645798341443,"[('1993-1997', '1998-2002', 1.0), ('1998-2002', '2013-2017', 0.7418011102528388), ('2013-2017', '2018-2022', 0.6518446880886043), ('2018-2022', '2023-2027', 1.0)]"
score,3.3809331988582447,"[('1993-1997', '2003-2007', 1.0), ('2003-2007', '2008-2012', 1.0), ('2008-2012', '2013-2017', 0.5917517095361369), ('2013-2017', '2023-2027', 0.789181489322108)]"
recapitulation,3.359213485464905,"[('1993-1997', '1998-2002', 0.7817821097640075), ('1998-2002', '2008-2012', 0.6969542366343366), ('2008-2012', '2013-2017', 0.8804771390665607), ('2013-2017', '2018-2022', 1.0)]"
main theme,3.356062157938376,"[('1998-2002', '2003-2007', 0.6619382981085933), ('2003-2007', '2008-2012', 0.8709005551264194), ('2008-2012', '2013-2017', 1.0), ('2013-2017', '2018-2022', 0.8232233047033631)]"
beat,3.3402339859342085,"[('1998-2002', '2003-2007', 0.8933996418221948), ('2003-2007', '2008-2012', 0.733499104555487), ('2008-2012', '2013-2017', 0.9166666666666666), ('2013-2017', '2018-2022', 0.7966685728898605)]"
gender,3.1126186604627955,"[('1993-1997', '1998-2002', 0.6348516283298892), ('1998-2002', '2013-2017', 0.4777670321329064), ('2013-2017', '2018-2022', 1.0), ('2018-2022', '2023-2027', 1.0)]"
caplin,3.0694254653752235,"[('1998-2002', '2003-2007', 0.6619382981085933), ('2003-2007', '2008-2012', 0.8), ('2008-2012', '2013-2017', 0.7948043295829691), ('2013-2017', '2018-2022', 0.8126828376836611)]"
cadence,3.042035596269903,"[('2003-2007', '2008-2012', 0.8957427929714626), ('2008-2012', '2013-2017', 0.6856526932690343), ('2013-2017', '2018-2022', 0.5954800825220548), ('2018-2022', '2023-2027', 0.8651600275073515)]"
pitches,3.040224141208595,"[('1993-1997', '1998-2002', 0.6797436923898257), ('1998-2002', '2003-2007', 0.6666666666666665), ('2003-2007', '2008-2012', 0.7958758547680684), ('2008-2012', '2018-2022', 0.8979379273840342)]"
intervals,3.003415604108909,"[('1993-1997', '1998-2002', 0.4999999999999999), ('1998-2002', '2003-2007', 0.41165159458544787), ('2003-2007', '2008-2012', 0.6077677297236319), ('2008-2012', '2013-2017', 0.7791369478503068), ('2013-2017', '2018-2022', 0.7048593319495223)]"
chopin,3.0,"[('1993-1997', '2003-2007', 1.0), ('2003-2007', '2008-2012', 1.0), ('2008-2012', '2013-2017', 1.0)]"
crumb,3.0,"[('1998-2002', '2008-2012', 1.0), ('2008-2012', '2013-2017', 1.0), ('2013-2017', '2018-2022', 1.0)]"
cook,3.0,"[('1998-2002', '2003-2007', 1.0), ('2003-2007', '2013-2017', 1.0), ('2013-2017', '2023-2027', 1.0)]"
compositions,3.0,"[('1993-1997', '2013-2017', 1.0), ('2013-2017', '2018-2022', 1.0), ('2018-2022', '2023-2027', 1.0)]"
pages,3.0,"[('1993-1997', '2003-2007', 1.0), ('2003-2007', '2008-2012', 1.0), ('2008-2012', '2013-2017', 1.0)]"
nature,3.0,"[('1998-2002', '2008-2012', 1.0), ('2008-2012', '2013-2017', 1.0), ('2013-2017', '2023-2027', 1.0)]"
materials,3.0,"[('1993-1997', '1998-2002', 1.0), ('1998-2002', '2008-2012', 1.0), ('2008-2012', '2013-2017', 1.0)]"
memory,3.0,"[('2003-2007', '2008-2012', 1.0), ('2008-2012', '2013-2017', 1.0), ('2013-2017', '2018-2022', 1.0)]"
opening,3.0,"[('1998-2002', '2003-2007', 1.0), ('2003-2007', '2008-2012', 1.0), ('2008-2012', '2018-2022', 1.0)]"
mto,3.0,"[('1993-1997', '2003-2007', 1.0), ('2003-2007', '2008-2012', 1.0), ('2008-2012', '2013-2017', 1.0)]"
metaphor,3.0,"[('1998-2002', '2003-2007', 1.0), ('2003-2007', '2008-2012', 1.0), ('2008-2012', '2023-2027', 1.0)]"
reich,3.0,"[('1993-1997', '2008-2012', 1.0), ('2008-2012', '2013-2017', 1.0), ('2013-2017', '2018-2022', 1.0)]"
life,3.0,"[('1998-2002', '2008-2012', 1.0), ('2008-2012', '2013-2017', 1.0), ('2013-2017', '2018-2022', 1.0)]"
design,3.0,"[('1998-2002', '2003-2007', 1.0), ('2003-2007', '2013-2017', 1.0), ('2013-2017', '2018-2022', 1.0)]"
williams,3.0,"[('1993-1997', '2008-2012', 1.0), ('2008-2012', '2013-2017', 1.0), ('2013-2017', '2018-2022', 1.0)]"
topics,3.0,"[('1993-1997', '2013-2017', 1.0), ('2013-2017', '2018-2022', 1.0), ('2018-2022', '2023-2027', 1.0)]"
experience,3.0,"[('2003-2007', '2008-2012', 1.0), ('2008-2012', '2013-2017', 1.0), ('2013-2017', '2018-2022', 1.0)]"
identity,3.0,"[('1993-1997', '1998-2002', 1.0), ('1998-2002', '2013-2017', 1.0), ('2013-2017', '2018-2022', 1.0)]"
images,3.0,"[('1993-1997', '1998-2002', 1.0), ('1998-2002', '2008-2012', 1.0), ('2008-2012', '2013-2017', 1.0)]"
tension,3.0,"[('2008-2012', '2013-2017', 1.0), ('2013-2017', '2018-2022', 1.0), ('2018-2022', '2023-2027', 1.0)]"
tenor,3.0,"[('2003-2007', '2013-2017', 1.0), ('2013-2017', '2018-2022', 1.0), ('2018-2022', '2023-2027', 1.0)]"
style,3.0,"[('1998-2002', '2003-2007', 1.0), ('2003-2007', '2013-2017', 1.0), ('2013-2017', '2018-2022', 1.0)]"
straus,3.0,"[('1993-1997', '2003-2007', 1.0), ('2003-2007', '2008-2012', 1.0), ('2008-2012', '2013-2017', 1.0)]"
interruption,3.0,"[('1993-1997', '2008-2012', 1.0), ('2008-2012', '2013-2017', 1.0), ('2013-2017', '2018-2022', 1.0)]"
game,3.0,"[('2008-2012', '2013-2017', 1.0), ('2013-2017', '2018-2022', 1.0), ('2018-2022', '2023-2027', 1.0)]"
segments,3.0,"[('1993-1997', '1998-2002', 1.0), ('1998-2002', '2013-2017', 1.0), ('2013-2017', '2023-2027', 1.0)]"
scholars,3.0,"[('2008-2012', '2013-2017', 1.0), ('2013-2017', '2018-2022', 1.0), ('2018-2022', '2023-2027', 1.0)]"
schemas,3.0,"[('2008-2012', '2013-2017', 1.0), ('2013-2017', '2018-2022', 1.0), ('2018-2022', '2023-2027', 1.0)]"
schema,3.0,"[('2008-2012', '2013-2017', 1.0), ('2013-2017', '2018-2022', 1.0), ('2018-2022', '2023-2027', 1.0)]"
edm,3.0,"[('1998-2002', '2003-2007', 1.0), ('2003-2007', '2013-2017', 1.0), ('2013-2017', '2018-2022', 1.0)]"
relations,3.0,"[('1993-1997', '1998-2002', 1.0), ('1998-2002', '2003-2007', 1.0), ('2003-2007', '2013-2017', 1.0)]"
morris,3.0,"[('1993-1997', '1998-2002', 1.0), ('1998-2002', '2008-2012', 1.0), ('2008-2012', '2013-2017', 1.0)]"
level,3.0,"[('1998-2002', '2008-2012', 1.0), ('2008-2012', '2013-2017', 1.0), ('2013-2017', '2023-2027', 1.0)]"
readers,3.0,"[('1998-2002', '2003-2007', 1.0), ('2003-2007', '2013-2017', 1.0), ('2013-2017', '2018-2022', 1.0)]"
motive,3.0,"[('1993-1997', '2003-2007', 1.0), ('2003-2007', '2018-2022', 1.0), ('2018-2022', '2023-2027', 1.0)]"
gestures,2.9,"[('2008-2012', '2013-2017', 0.9), ('2013-2017', '2018-2022', 1.0), ('2018-2022', '2023-2027', 1.0)]"
timbre,2.876908509020667,"[('2008-2012', '2013-2017', 1.0), ('2013-2017', '2018-2022', 1.0), ('2018-2022', '2023-2027', 0.8769085090206672)]"
structure,2.8651600275073514,"[('1993-1997', '2003-2007', 0.8651600275073515), ('2003-2007', '2013-2017', 1.0), ('2013-2017', '2018-2022', 1.0)]"
contour,2.8585786437626908,"[('1993-1997', '1998-2002', 1.0), ('1998-2002', '2008-2012', 0.8585786437626906), ('2008-2012', '2013-2017', 1.0)]"
wagner,2.841886116991581,"[('1993-1997', '1998-2002', 1.0), ('1998-2002', '2003-2007', 0.841886116991581), ('2003-2007', '2023-2027', 1.0)]"
messiaen,2.841886116991581,"[('1993-1997', '1998-2002', 0.841886116991581), ('1998-2002', '2018-2022', 1.0), ('2018-2022', '2023-2027', 1.0)]"
ic,2.8309691490542965,"[('1993-1997', '1998-2002', 0.8309691490542966), ('1998-2002', '2003-2007', 1.0), ('2003-2007', '2008-2012', 1.0)]"
quarter,2.823223304703363,"[('1998-2002', '2003-2007', 1.0), ('2003-2007', '2008-2012', 1.0), ('2008-2012', '2013-2017', 0.8232233047033631)]"
relationships,2.807549910270125,"[('1993-1997', '2003-2007', 1.0), ('2003-2007', '2008-2012', 0.8075499102701247), ('2008-2012', '2013-2017', 1.0)]"
trichords,2.7817821097640074,"[('1998-2002', '2003-2007', 0.7817821097640076), ('2003-2007', '2008-2012', 1.0), ('2008-2012', '2013-2017', 1.0)]"
xenakis,2.7642977396044843,"[('1993-1997', '1998-2002', 0.7642977396044841), ('1998-2002', '2008-2012', 1.0), ('2008-2012', '2018-2022', 1.0)]"
bruckner,2.7480236846605153,"[('1993-1997', '1998-2002', 1.0), ('1998-2002', '2008-2012', 1.0), ('2008-2012', '2018-2022', 0.7480236846605152)]"
collections,2.7418011102528386,"[('1993-1997', '2008-2012', 1.0), ('2008-2012', '2018-2022', 1.0), ('2018-2022', '2023-2027', 0.7418011102528388)]"
modes,2.7327387580875757,"[('2008-2012', '2013-2017', 0.7327387580875756), ('2013-2017', '2018-2022', 1.0), ('2018-2022', '2023-2027', 1.0)]"
film music,2.711324865405187,"[('1993-1997', '1998-2002', 1.0), ('1998-2002', '2013-2017', 1.0), ('2013-2017', '2018-2022', 0.7113248654051871)]"
tuning,2.7072137468644337,"[('1993-1997', '1998-2002', 0.3195861825602283), ('1998-2002', '2003-2007', 0.3876275643042054), ('2003-2007', '2013-2017', 1.0), ('2013-2017', '2018-2022', 1.0)]"
transition,2.696954236634337,"[('1998-2002', '2008-2012', 0.6969542366343366), ('2008-2012', '2013-2017', 1.0), ('2013-2017', '2018-2022', 1.0)]"
consonance,2.6913933000758163,"[('1993-1997', '2003-2007', 1.0), ('2003-2007', '2008-2012', 0.6913933000758161), ('2008-2012', '2018-2022', 1.0)]"
recording,2.683772233983162,"[('1998-2002', '2013-2017', 1.0), ('2013-2017', '2018-2022', 0.683772233983162), ('2018-2022', '2023-2027', 1.0)]"
blues,2.672673164646011,"[('2003-2007', '2008-2012', 1.0), ('2008-2012', '2013-2017', 1.0), ('2013-2017', '2018-2022', 0.6726731646460113)]"
shostakovich,2.6666666666666665,"[('1998-2002', '2003-2007', 1.0), ('2003-2007', '2008-2012', 0.6666666666666665), ('2008-2012', '2013-2017', 1.0)]"
scriabin,2.661938298108593,"[('2008-2012', '2013-2017', 1.0), ('2013-2017', '2018-2022', 1.0), ('2018-2022', '2023-2027', 0.6619382981085933)]"
users,2.646446609406726,"[('1993-1997', '1998-2002', 0.6464466094067263), ('1998-2002', '2003-2007', 1.0), ('2003-2007', '2013-2017', 1.0)]"
gould,2.646446609406726,"[('2003-2007', '2008-2012', 1.0), ('2008-2012', '2013-2017', 1.0), ('2013-2017', '2018-2022', 0.6464466094067263)]"
events,2.6220355269907727,"[('1993-1997', '1998-2002', 0.6220355269907727), ('1998-2002', '2013-2017', 1.0), ('2013-2017', '2018-2022', 1.0)]"
prechorus,2.613301668933013,"[('2008-2012', '2013-2017', 0.7958758547680684), ('2013-2017', '2018-2022', 0.8174258141649446), ('2018-2022', '2023-2027', 1.0)]"
syntax,2.6,"[('1993-1997', '1998-2002', 1.0), ('1998-2002', '2008-2012', 0.6), ('2008-2012', '2018-2022', 1.0)]"
improvisers,2.5554763614461544,"[('1998-2002', '2008-2012', 0.7642977396044841), ('2008-2012', '2013-2017', 0.38278660015163213), ('2013-2017', '2018-2022', 0.4083920216900383), ('2018-2022', '2023-2027', 1.0)]"
refrain,2.547367600659028,"[('2003-2007', '2008-2012', 0.850928801500014), ('2008-2012', '2018-2022', 0.8888888888888888), ('2018-2022', '2023-2027', 0.8075499102701247)]"
rhythms,2.5305723263942723,"[('1998-2002', '2003-2007', 0.5527864045000421), ('2003-2007', '2008-2012', 0.6348516283298893), ('2008-2012', '2013-2017', 0.7278344730240913), ('2013-2017', '2018-2022', 0.6150998205402495)]"
major,2.5301638020379174,"[('2003-2007', '2008-2012', 0.8333333333333334), ('2008-2012', '2013-2017', 1.0), ('2013-2017', '2018-2022', 0.6968304687045838)]"
improvisation,2.5299679433042863,"[('2003-2007', '2008-2012', 1.0), ('2008-2012', '2013-2017', 0.24206327104013292), ('2013-2017', '2018-2022', 0.5236069326596691), ('2018-2022', '2023-2027', 0.7642977396044841)]"
prelude,2.4931069751691948,"[('1993-1997', '1998-2002', 1.0), ('1998-2002', '2008-2012', 0.7113248654051871), ('2008-2012', '2013-2017', 0.7817821097640076)]"
triads,2.486519961826706,"[('1998-2002', '2003-2007', 1.0), ('2003-2007', '2008-2012', 0.7642977396044841), ('2008-2012', '2018-2022', 0.7222222222222222)]"
rock music,2.477767032132906,"[('2003-2007', '2008-2012', 0.4777670321329064), ('2008-2012', '2013-2017', 1.0), ('2013-2017', '2018-2022', 1.0)]"
lerdahl,2.434851628329889,"[('1998-2002', '2008-2012', 0.8), ('2008-2012', '2013-2017', 0.6348516283298892), ('2013-2017', '2018-2022', 1.0)]"
journals,2.4309644062711504,"[('1993-1997', '1998-2002', 0.6666666666666665), ('1998-2002', '2013-2017', 0.7642977396044841), ('2013-2017', '2023-2027', 1.0)]"
jackendoff,2.4296920760241196,"[('1998-2002', '2008-2012', 0.7018576030000281), ('2008-2012', '2013-2017', 0.7278344730240913), ('2013-2017', '2018-2022', 1.0)]"
mi,2.4228398116567473,"[('1993-1997', '1998-2002', 0.7763932022500211), ('1998-2002', '2008-2012', 0.6464466094067263), ('2008-2012', '2018-2022', 1.0)]"
hexachords,2.4227208585904334,"[('1998-2002', '2008-2012', 0.8309691490542966), ('2008-2012', '2013-2017', 1.0), ('2013-2017', '2018-2022', 0.5917517095361369)]"
iv,2.4191665478860216,"[('1998-2002', '2008-2012', 0.9105572809000084), ('2008-2012', '2018-2022', 0.6281321279194527), ('2018-2022', '2023-2027', 0.8804771390665607)]"
dominant,2.4011073230987714,"[('1993-1997', '2008-2012', 0.7519305308215831), ('2008-2012', '2013-2017', 0.6491767922771883), ('2013-2017', '2018-2022', 1.0)]"
cadential,2.394672521491623,"[('1993-1997', '2008-2012', 1.0), ('2008-2012', '2013-2017', 0.841886116991581), ('2013-2017', '2018-2022', 0.5527864045000421)]"
hepokoski,2.386565338986023,"[('1993-1997', '2008-2012', 1.0), ('2008-2012', '2013-2017', 0.8195780408782419), ('2013-2017', '2018-2022', 0.5669872981077807)]"
dictation,2.375,"[('1998-2002', '2008-2012', 1.0), ('2008-2012', '2013-2017', 1.0), ('2013-2017', '2018-2022', 0.375)]"
members,2.2928932188134525,"[('1998-2002', '2003-2007', 0.2928932188134524), ('2003-2007', '2013-2017', 1.0), ('2013-2017', '2018-2022', 1.0)]"
aural skills,2.179962906060144,"[('1998-2002', '2008-2012', 1.0), ('2008-2012', '2013-2017', 0.8663693790437879), ('2013-2017', '2018-2022', 0.3135935270163559)]"
schemata,2.133974596215561,"[('2008-2012', '2013-2017', 1.0), ('2013-2017', '2018-2022', 0.5669872981077806), ('2018-2022', '2023-2027', 0.5669872981077806)]"
stockhausen,2.054294230970872,"[('1993-1997', '2003-2007', 0.3876275643042054), ('2003-2007', '2018-2022', 0.6666666666666665), ('2018-2022', '2023-2027', 1.0)]"
schenkerian analysis,2.022837044944403,"[('1993-1997', '1998-2002', 1.0), ('1998-2002', '2013-2017', 0.37639043553767637), ('2013-2017', '2018-2022', 0.6464466094067263)]"
kramer,2.0,"[('1993-1997', '2013-2017', 1.0), ('2013-2017', '2018-2022', 1.0)]"
semiotics,2.0,"[('1993-1997', '1998-2002', 1.0), ('1998-2002', '2023-2027', 1.0)]"
willaert,2.0,"[('2003-2007', '2013-2017', 1.0), ('2013-2017', '2018-2022', 1.0)]"
bent,2.0,"[('1993-1997', '2003-2007', 1.0), ('2003-2007', '2013-2017', 1.0)]"
scene,2.0,"[('1993-1997', '2003-2007', 1.0), ('2003-2007', '2018-2022', 1.0)]"
values,2.0,"[('2003-2007', '2018-2022', 1.0), ('2018-2022', '2023-2027', 1.0)]"
taruskin,2.0,"[('1993-1997', '2008-2012', 1.0), ('2008-2012', '2018-2022', 1.0)]"
truth,2.0,"[('1993-1997', '2013-2017', 1.0), ('2013-2017', '2018-2022', 1.0)]"
hip,2.0,"[('2013-2017', '2018-2022', 1.0), ('2018-2022', '2023-2027', 1.0)]"
bart√≥k,2.0,"[('1998-2002', '2003-2007', 1.0), ('2003-2007', '2008-2012', 1.0)]"
issues,2.0,"[('1993-1997', '1998-2002', 1.0), ('1998-2002', '2013-2017', 1.0)]"
emotions,2.0,"[('1993-1997', '2018-2022', 1.0), ('2018-2022', '2023-2027', 1.0)]"
instruments,2.0,"[('2013-2017', '2018-2022', 1.0), ('2018-2022', '2023-2027', 1.0)]"
streams,2.0,"[('1998-2002', '2008-2012', 1.0), ('2008-2012', '2018-2022', 1.0)]"
topic,2.0,"[('2013-2017', '2018-2022', 1.0), ('2018-2022', '2023-2027', 1.0)]"
string quartet,2.0,"[('2003-2007', '2008-2012', 1.0), ('2008-2012', '2018-2022', 1.0)]"
strings,2.0,"[('1998-2002', '2008-2012', 1.0), ('2008-2012', '2018-2022', 1.0)]"
hasty,2.0,"[('1998-2002', '2008-2012', 1.0), ('2008-2012', '2018-2022', 1.0)]"
texts,2.0,"[('1998-2002', '2008-2012', 1.0), ('2008-2012', '2013-2017', 1.0)]"
studies,2.0,"[('2013-2017', '2018-2022', 1.0), ('2018-2022', '2023-2027', 1.0)]"
systems,2.0,"[('1993-1997', '1998-2002', 1.0), ('1998-2002', '2013-2017', 1.0)]"
motets,2.0,"[('2003-2007', '2013-2017', 1.0), ('2013-2017', '2018-2022', 1.0)]"
lectures,2.0,"[('1993-1997', '2013-2017', 1.0), ('2013-2017', '2023-2027', 1.0)]"
canon,2.0,"[('2008-2012', '2013-2017', 1.0), ('2013-2017', '2023-2027', 1.0)]"
line,2.0,"[('2003-2007', '2008-2012', 1.0), ('2008-2012', '2013-2017', 1.0)]"
presentations,2.0,"[('1993-1997', '2013-2017', 1.0), ('2013-2017', '2018-2022', 1.0)]"
cello,2.0,"[('2003-2007', '2013-2017', 1.0), ('2013-2017', '2018-2022', 1.0)]"
par,2.0,"[('1993-1997', '2003-2007', 1.0), ('2003-2007', '2008-2012', 1.0)]"
review,2.0,"[('1998-2002', '2008-2012', 1.0), ('2008-2012', '2013-2017', 1.0)]"
larson,2.0,"[('2003-2007', '2008-2012', 1.0), ('2008-2012', '2013-2017', 1.0)]"
orchestra,2.0,"[('2013-2017', '2018-2022', 1.0), ('2018-2022', '2023-2027', 1.0)]"
learning,2.0,"[('1993-1997', '2013-2017', 1.0), ('2013-2017', '2023-2027', 1.0)]"
properties,2.0,"[('1993-1997', '1998-2002', 1.0), ('1998-2002', '2008-2012', 1.0)]"
rehearsal,2.0,"[('2008-2012', '2013-2017', 1.0), ('2013-2017', '2018-2022', 1.0)]"
conservatories,2.0,"[('1993-1997', '1998-2002', 1.0), ('1998-2002', '2013-2017', 1.0)]"
noise,2.0,"[('2008-2012', '2013-2017', 1.0), ('2013-2017', '2018-2022', 1.0)]"
animation,1.9466239487316375,"[('2003-2007', '2008-2012', 0.9466239487316376), ('2008-2012', '2018-2022', 1.0)]"
rap,1.9266397896013638,"[('1998-2002', '2008-2012', 0.5370899501137242), ('2008-2012', '2013-2017', 0.7817821097640076), ('2013-2017', '2018-2022', 0.6077677297236319)]"
cadences,1.9203308724663661,"[('2003-2007', '2008-2012', 1.0), ('2008-2012', '2013-2017', 0.552786404500042), ('2013-2017', '2018-2022', 0.3675444679663241)]"
phase,1.8759652654107914,"[('2003-2007', '2013-2017', 1.0), ('2013-2017', '2018-2022', 0.8759652654107916)]"
african music,1.8740118423302576,"[('1998-2002', '2008-2012', 0.8740118423302576), ('2008-2012', '2013-2017', 1.0)]"
segment,1.8663693790437879,"[('1993-1997', '2013-2017', 0.8663693790437879), ('2013-2017', '2018-2022', 1.0)]"
keys,1.8585786437626906,"[('2008-2012', '2013-2017', 0.8585786437626906), ('2013-2017', '2023-2027', 1.0)]"
progression,1.8585786437626903,"[('1998-2002', '2013-2017', 1.0), ('2013-2017', '2018-2022', 0.8585786437626904)]"
agency,1.850928801500014,"[('2008-2012', '2013-2017', 1.0), ('2013-2017', '2018-2022', 0.850928801500014)]"
gubaidulina,1.8492443277111181,"[('2008-2012', '2013-2017', 0.8492443277111181), ('2013-2017', '2018-2022', 1.0)]"
model,1.8492443277111181,"[('1993-1997', '2013-2017', 1.0), ('2013-2017', '2018-2022', 0.8492443277111181)]"
rahn,1.841886116991581,"[('1993-1997', '2003-2007', 0.841886116991581), ('2003-2007', '2018-2022', 1.0)]"
pythagorean,1.824512411071891,"[('1993-1997', '1998-2002', 0.3195861825602283), ('1998-2002', '2003-2007', 0.5049262285116628), ('2003-2007', '2013-2017', 1.0)]"
cohn,1.8032711736091411,"[('2003-2007', '2008-2012', 0.9037749551350623), ('2008-2012', '2018-2022', 0.8994962184740788)]"
vectors,1.8,"[('1993-1997', '1998-2002', 0.8), ('1998-2002', '2018-2022', 1.0)]"
speech,1.7958758547680684,"[('1993-1997', '2008-2012', 0.7958758547680684), ('2008-2012', '2018-2022', 1.0)]"
science,1.7958758547680684,"[('1993-1997', '1998-2002', 0.7958758547680684), ('1998-2002', '2013-2017', 1.0)]"
riffs,1.7867992836443896,"[('2008-2012', '2013-2017', 1.0), ('2013-2017', '2018-2022', 0.7867992836443896)]"
class,1.7777777777777777,"[('1998-2002', '2003-2007', 1.0), ('2003-2007', '2013-2017', 0.7777777777777778)]"
ewell,1.7480236846605153,"[('2013-2017', '2018-2022', 0.7480236846605152), ('2018-2022', '2023-2027', 1.0)]"
deleuze,1.7427521222862368,"[('1993-1997', '2008-2012', 1.0), ('2008-2012', '2013-2017', 0.7427521222862368)]"
authenticity,1.7418011102528388,"[('2008-2012', '2013-2017', 1.0), ('2013-2017', '2018-2022', 0.7418011102528388)]"
interval,1.7418011102528388,"[('1998-2002', '2013-2017', 1.0), ('2013-2017', '2018-2022', 0.7418011102528388)]"
process,1.7418011102528388,"[('2003-2007', '2008-2012', 0.7418011102528388), ('2008-2012', '2018-2022', 1.0)]"
tonnetz,1.7328295518074122,"[('2003-2007', '2008-2012', 0.8333333333333334), ('2008-2012', '2018-2022', 0.8994962184740788)]"
beats,1.6975485496941745,"[('1998-2002', '2008-2012', 0.8556624327025936), ('2008-2012', '2018-2022', 0.841886116991581)]"
gjerdingen,1.6376275643042053,"[('2008-2012', '2013-2017', 1.0), ('2013-2017', '2018-2022', 0.24999999999999978), ('2018-2022', '2023-2027', 0.3876275643042054)]"
classes,1.6348516283298893,"[('2003-2007', '2008-2012', 0.6348516283298893), ('2008-2012', '2018-2022', 1.0)]"
pieces,1.6348516283298893,"[('1993-1997', '1998-2002', 0.6348516283298892), ('1998-2002', '2008-2012', 1.0)]"
taneev,1.6342410681987496,"[('2013-2017', '2018-2022', 0.8232233047033631), ('2018-2022', '2023-2027', 0.8110177634953863)]"
information,1.6220355269907727,"[('1993-1997', '1998-2002', 0.6220355269907727), ('1998-2002', '2018-2022', 1.0)]"
concerto,1.6220355269907727,"[('1998-2002', '2003-2007', 1.0), ('2003-2007', '2018-2022', 0.6220355269907727)]"
transpositions,1.5853367077354448,"[('2003-2007', '2008-2012', 0.8740118423302576), ('2008-2012', '2023-2027', 0.7113248654051871)]"
guattari,1.579915974791597,"[('2008-2012', '2013-2017', 0.579915974791597), ('2013-2017', '2018-2022', 1.0)]"
guitar,1.567723454297141,"[('2008-2012', '2013-2017', 0.7418011102528388), ('2013-2017', '2018-2022', 0.8259223440443022)]"
tone,1.552786404500042,"[('2003-2007', '2013-2017', 1.0), ('2013-2017', '2018-2022', 0.5527864045000419)]"
functions,1.514928749927334,"[('1993-1997', '2003-2007', 0.5149287499273341), ('2003-2007', '2013-2017', 1.0)]"
metal,1.5,"[('2008-2012', '2013-2017', 0.0), ('2013-2017', '2018-2022', 0.5), ('2018-2022', '2023-2027', 1.0)]"
violin,1.4842251882759636,"[('2003-2007', '2008-2012', 0.6464466094067263), ('2008-2012', '2018-2022', 0.8377785788692375)]"
serialism,1.4742165769367914,"[('1993-1997', '1998-2002', 0.6666666666666667), ('1998-2002', '2003-2007', 0.8075499102701247)]"
fa,1.4625425214347352,"[('1993-1997', '1998-2002', 0.7958758547680684), ('1998-2002', '2018-2022', 0.6666666666666667)]"
instructors,1.462542521434735,"[('2008-2012', '2013-2017', 0.6666666666666665), ('2013-2017', '2018-2022', 0.7958758547680684)]"
buchler,1.393521565136877,"[('2003-2007', '2008-2012', 0.3935215651368771), ('2008-2012', '2023-2027', 1.0)]"
kholopov,1.3032197294137564,"[('2008-2012', '2013-2017', 0.7202485575279058), ('2013-2017', '2018-2022', 0.5829711718858505)]"
atonal music,1.2983017585162635,"[('1993-1997', '1998-2002', 0.5219085562662426), ('1998-2002', '2023-2027', 0.7763932022500211)]"
spring,1.25,"[('1993-1997', '2008-2012', 0.4999999999999999), ('2008-2012', '2018-2022', 0.75)]"
davis,1.1339745962155614,"[('2008-2012', '2013-2017', 0.42264973081037427), ('2013-2017', '2018-2022', 0.7113248654051871)]"
flow,1.0635642195280153,"[('2008-2012', '2013-2017', 0.5), ('2013-2017', '2018-2022', 0.5635642195280153)]"
martin,1.0,"[('2008-2012', '2013-2017', 1.0)]"
graph,1.0,"[('2003-2007', '2008-2012', 1.0)]"
player piano,1.0,"[('2013-2017', '2018-2022', 1.0)]"
human,1.0,"[('2018-2022', '2023-2027', 1.0)]"
arrays,1.0,"[('2003-2007', '2008-2012', 1.0)]"
chen,1.0,"[('2018-2022', '2023-2027', 1.0)]"
scherzinger,1.0,"[('2008-2012', '2018-2022', 1.0)]"
bpm,0.9604522688366909,"[('2008-2012', '2013-2017', 0.6464466094067263), ('2013-2017', '2018-2022', 0.3140056594299646)]"
ambiguity,0.9129611720221511,"[('2008-2012', '2013-2017', 0.9129611720221511)]"
li,0.8994962184740788,"[('2018-2022', '2023-2027', 0.8994962184740788)]"
yavorsky,0.8836873886971238,"[('2008-2012', '2018-2022', 0.25579159246474925), ('2018-2022', '2023-2027', 0.6278957962323746)]"
schmalfeldt,0.8492443277111181,"[('2008-2012', '2013-2017', 0.8492443277111181)]"
similarity,0.8377785788692375,"[('1993-1997', '2003-2007', 0.8377785788692375)]"
riff,0.8309691490542966,"[('2013-2017', '2018-2022', 0.8309691490542966)]"
forte,0.8278674068352259,"[('1993-1997', '1998-2002', 0.8278674068352259)]"
heidegger,0.8174258141649446,"[('1993-1997', '1998-2002', 0.8174258141649446)]"
voice leading,0.7817821097640076,"[('2008-2012', '2018-2022', 0.7817821097640076)]"
skills,0.6967240747163871,"[('1998-2002', '2013-2017', 0.3675444679663241), ('2013-2017', '2018-2022', 0.32917960675006297)]"
groove,0.6913933000758161,"[('2003-2007', '2018-2022', 0.6913933000758161)]"
persona,0.6911237214256168,"[('2003-2007', '2013-2017', 0.1982162742627268), ('2013-2017', '2018-2022', 0.49290744716289003)]"
prokofiev,0.6127016653792583,"[('2013-2017', '2018-2022', 0.6127016653792583)]"
tristan,0.5669872981077806,"[('1993-1997', '2003-2007', 0.5669872981077806)]"
darcy,0.5370899501137243,"[('2013-2017', '2018-2022', 0.5370899501137243)]"
bwv,0.5149287499273341,"[('1998-2002', '2018-2022', 0.5149287499273341)]"
women composers,0.4466014094705336,"[('1993-1997', '2013-2017', 0.4466014094705336)]"
films,0.40371520600005617,"[('1993-1997', '2018-2022', 0.40371520600005617)]"
net,0.3918363594404626,"[('2003-2007', '2008-2012', 0.3918363594404626)]"
networks,0.3356361611700802,"[('2003-2007', '2008-2012', 0.3356361611700802)]"
nets,0.2144155951504274,"[('2003-2007', '2008-2012', 0.2144155951504274)]"
nancarrow,0.0,[]
lamar,0.0,[]
