node,degree_centrality,betweenness_centrality,eigenvector_centrality,interval_start,interval_end
Littlefield1994Code_and_Context:,0.1428571428571428,0.0,,1993,1996
Demske1995On_Considering_a,0.1428571428571428,0.0,0.7071060358259995,1993,1996
Hermann1995Towards_a_New,0.2857142857142857,0.0,0.001451963112579,1993,1996
Robison1995Category_Structures_and,0.1428571428571428,0.0,,1993,1996
Zbikowski1995Theories_of_Categorization,0.2857142857142857,0.0,,1993,1996
Roeder1993Toward_a_Semiotic,0.1428571428571428,0.0,,1993,1996
"Zbikowski1995Response_to_Robison,",0.1428571428571428,0.0,,1993,1996
Rahn1994From_Similarity_to,0.1428571428571428,0.0,0.7071060358259995,1993,1996
Littlefield1994Code_and_Context:,0.1428571428571428,0.0,,1996,1999
Hermann1995Towards_a_New,0.2857142857142857,0.0,0.001451963112579,1996,1999
Roeder1993Toward_a_Semiotic,0.1428571428571428,0.0,,1996,1999
Demske1995On_Considering_a,0.1428571428571428,0.0,0.7071060358259995,1996,1999
Robison1995Category_Structures_and,0.1428571428571428,0.0,,1996,1999
Zbikowski1995Theories_of_Categorization,0.2857142857142857,0.0,,1996,1999
"Zbikowski1995Response_to_Robison,",0.1428571428571428,0.0,,1996,1999
Rahn1994From_Similarity_to,0.1428571428571428,0.0,0.7071060358259995,1996,1999
Littlefield1994Code_and_Context:,0.1428571428571428,0.0,,1999,2002
Hermann1995Towards_a_New,0.2857142857142857,0.0,0.001451963112579,1999,2002
Roeder1993Toward_a_Semiotic,0.1428571428571428,0.0,,1999,2002
Demske1995On_Considering_a,0.1428571428571428,0.0,0.7071060358259995,1999,2002
Robison1995Category_Structures_and,0.1428571428571428,0.0,,1999,2002
Zbikowski1995Theories_of_Categorization,0.2857142857142857,0.0,,1999,2002
"Zbikowski1995Response_to_Robison,",0.1428571428571428,0.0,,1999,2002
Rahn1994From_Similarity_to,0.1428571428571428,0.0,0.7071060358259995,1999,2002
Littlefield1994Code_and_Context:,0.1428571428571428,0.0,,2002,2005
Hermann1995Towards_a_New,0.2857142857142857,0.0,0.001451963112579,2002,2005
Roeder1993Toward_a_Semiotic,0.1428571428571428,0.0,,2002,2005
Demske1995On_Considering_a,0.1428571428571428,0.0,0.7071060358259995,2002,2005
Robison1995Category_Structures_and,0.1428571428571428,0.0,,2002,2005
Zbikowski1995Theories_of_Categorization,0.2857142857142857,0.0,,2002,2005
"Zbikowski1995Response_to_Robison,",0.1428571428571428,0.0,,2002,2005
Rahn1994From_Similarity_to,0.1428571428571428,0.0,0.7071060358259995,2002,2005
Littlefield1994Code_and_Context:,0.0666666666666666,0.0,,2005,2008
Neidhöfer2007Bruno_Maderna’s_Serial,0.0666666666666666,0.0,,2005,2008
Hermann1995Towards_a_New,0.1333333333333333,0.0,0.001451963112579,2005,2008
Marion2007Debussy_and_Recollection:,0.0666666666666666,0.0,,2005,2008
Samplaski2004Interval-Classes_and_Psychological,0.0666666666666666,0.0,,2005,2008
Roeder1993Toward_a_Semiotic,0.0666666666666666,0.0,,2005,2008
Guerrero2006Serial_Intervention_in,0.0666666666666666,0.0,,2005,2008
Demske1995On_Considering_a,0.0666666666666666,0.0,0.7071060358259995,2005,2008
Robison1995Category_Structures_and,0.0666666666666666,0.0,,2005,2008
Rothgeb1995The_Tristan_Chord:,0.0666666666666666,0.0,,2005,2008
Samplaski2005Mapping_the_Geometries,0.0666666666666666,0.0,,2005,2008
Buchler2007Reconsidering_Klumpenhouwer_Networks,0.0666666666666666,0.0,,2005,2008
Zbikowski1995Theories_of_Categorization,0.1333333333333333,0.0,,2005,2008
Losada2007K-nets_and_Hierarchical,0.0666666666666666,0.0,,2005,2008
"Zbikowski1995Response_to_Robison,",0.0666666666666666,0.0,,2005,2008
Rahn1994From_Similarity_to,0.0666666666666666,0.0,0.7071060358259995,2005,2008
Littlefield1994Code_and_Context:,0.03125,0.0,,2008,2011
10.30535/mto.14.2.3,0.03125,0.0,,2008,2011
10.30535/mto.15.5.1,0.03125,0.0,,2008,2011
Demske1995On_Considering_a,0.03125,0.0,,2008,2011
Anku2000Circles_and_Time:,0.03125,0.0,0.5773496063057992,2008,2011
Samplaski2005Mapping_the_Geometries,0.03125,0.0,,2008,2011
Roeder2009Constructing_Transformational_Signification:,0.03125,0.0,,2008,2011
Buchler2007Reconsidering_Klumpenhouwer_Networks,0.03125,0.0,,2008,2011
"Gur2008Body,_Forces,_and",0.03125,0.0,,2008,2011
Hermann1995Towards_a_New,0.0625,0.0,,2008,2011
10.30535/mto.16.4.4.,0.09375,0.0,0.0015153532973905,2008,2011
10.30535/mto.4.1.1,0.03125,0.0,,2008,2011
Rothgeb1995The_Tristan_Chord:,0.03125,0.0,,2008,2011
Losada2007K-nets_and_Hierarchical,0.03125,0.0,,2008,2011
Reed2007A_Tetrahelix_Animates,0.0625,0.0,,2008,2011
"Koozin1999On_Metaphor,_Technology,",0.03125,0.0,,2008,2011
Guerrero2006Serial_Intervention_in,0.03125,0.0,,2008,2011
Donin2008Charting_the_Score,0.03125,0.0,,2008,2011
Attas2009Metaphors_in_Motion:,0.03125,0.0,,2008,2011
Zbikowski1995Theories_of_Categorization,0.0625,0.0,,2008,2011
Urista2003Beyond_Words:_The,0.03125,0.0,,2008,2011
Rahn1994From_Similarity_to,0.03125,0.0,,2008,2011
Neidhöfer2007Bruno_Maderna’s_Serial,0.03125,0.0,,2008,2011
Marion2007Debussy_and_Recollection:,0.03125,0.0,,2008,2011
Auerbach2010Pedagogical_Applications_of,0.03125,0.0,,2008,2011
Samplaski2004Interval-Classes_and_Psychological,0.03125,0.0,,2008,2011
Roeder1993Toward_a_Semiotic,0.03125,0.0,,2008,2011
Robison1995Category_Structures_and,0.03125,0.0,,2008,2011
Kuusi2009Discrimination_and_Evaluation,0.03125,0.0,,2008,2011
10.30535/mto.12.4.2,0.03125,0.0,0.5773496063057992,2008,2011
Kuusi2003The_Role_of,0.03125,0.0,,2008,2011
10.30535/mto.7.6.1,0.03125,0.0,0.5773496063057992,2008,2011
"Zbikowski1995Response_to_Robison,",0.03125,0.0,,2008,2011
Guerrero2006Serial_Intervention_in,0.0116279069767441,0.0,,2011,2014
Schultz2012Tonal_Pairing_and,0.0232558139534883,0.0,3.1641374095418055e-08,2011,2014
10.30535/mto.17.3.8,0.0465116279069767,0.0,1.43651838393198e-05,2011,2014
10.30535/mto.17.1.8,0.0581395348837209,0.0,0.0032967464083756,2011,2014
"Koozin1999On_Metaphor,_Technology,",0.0116279069767441,0.0,,2011,2014
Neidhöfer2007Bruno_Maderna’s_Serial,0.0116279069767441,0.0,,2011,2014
Kuusi2009Discrimination_and_Evaluation,0.0116279069767441,0.0,,2011,2014
Kuusi2003The_Role_of,0.0116279069767441,0.0,,2011,2014
Cumming2013Renaissance_Improvisation_and,0.0581395348837209,0.0,,2011,2014
Nooshin2013Beyond_the_<i>Radif</i>:,0.0581395348837209,0.0,,2011,2014
10.30535/mto.18.3.7,0.0232558139534883,0.0,,2011,2014
Rahn1994From_Similarity_to,0.0116279069767441,0.0,,2011,2014
Robison1995Category_Structures_and,0.0116279069767441,0.0,,2011,2014
Leydon2012Clean_as_a,0.0232558139534883,0.0,,2011,2014
10.30535/mto.15.5.1,0.0116279069767441,0.0,,2011,2014
Attas2009Metaphors_in_Motion:,0.0116279069767441,0.0,,2011,2014
10.30535/mto.18.3.4,0.0232558139534883,0.0,,2011,2014
Roeder1993Toward_a_Semiotic,0.0116279069767441,0.0,,2011,2014
Moseley2013Entextualization_and_the,0.1162790697674418,0.0,,2011,2014
10.30535/mto.17.3.3,0.0232558139534883,0.0,2.8698726304544192e-05,2011,2014
10.30535/mto.12.2.2.,0.0116279069767441,0.0,1.43651838393198e-05,2011,2014
Anku2000Circles_and_Time:,0.0232558139534883,0.0,,2011,2014
10.30535/mto.18.3.6.,0.0348837209302325,0.0,,2011,2014
Ewell2012Rethinking_Octatonicism:_Views,0.0116279069767441,0.0,,2011,2014
Kallis2008Principles_of_Pitch,0.0116279069767441,0.0,,2011,2014
10.30535/mto.18.4.3,0.0116279069767441,0.0,,2011,2014
Dodson2012Solutions_to_the,0.0116279069767441,0.0,,2011,2014
"Gur2008Body,_Forces,_and",0.0116279069767441,0.0,,2011,2014
Buchler2007Reconsidering_Klumpenhouwer_Networks,0.0116279069767441,0.0,,2011,2014
Demske1995On_Considering_a,0.0116279069767441,0.0,,2011,2014
Kochavi2012Review_of_Edward,0.0116279069767441,0.0,,2011,2014
Townsend2012Scriabin_and_the,0.0116279069767441,0.0,,2011,2014
Hood2012Ambiguity_of_Tonal,0.0116279069767441,0.0,,2011,2014
Littlefield1994Code_and_Context:,0.0116279069767441,0.0,,2011,2014
10.30535/mto.12.4.2,0.0232558139534883,0.0,,2011,2014
10.30535/mto.17.4.3,0.0232558139534883,0.0,3.1641374095418055e-08,2011,2014
10.30535/mto.19.4.2,0.0348837209302325,0.0,3.1641374095418055e-08,2011,2014
Roeder2009Constructing_Transformational_Signification:,0.0116279069767441,0.0,,2011,2014
10.30535/mto.7.2.1,0.0116279069767441,0.0,,2011,2014
Samarotto2009“Plays_of_Opposing,0.0116279069767441,0.0,,2011,2014
10.30535/mto.17.3.6,0.0116279069767441,0.0,,2011,2014
10.30535/mto.15.5.2,0.0232558139534883,0.0,2.8698726304544192e-05,2011,2014
10.30535/mto.14.2.3,0.0116279069767441,0.0,,2011,2014
Cramer2003The_Harmonic_Function,0.0116279069767441,0.0,,2011,2014
10.30535/mto.7.1.1,0.0116279069767441,0.0,,2011,2014
Marion2007Debussy_and_Recollection:,0.0116279069767441,0.0,,2011,2014
Love2012“Possible_Paths”:_Schemata,0.0116279069767441,0.0,,2011,2014
Auerbach2010Pedagogical_Applications_of,0.0116279069767441,0.0,,2011,2014
Sheehy2013Introduction:_Theorizing_Improvisation,0.0813953488372093,0.0,,2011,2014
10.30535/mto.18.3.9,0.0116279069767441,0.0,,2011,2014
Samplaski2005Mapping_the_Geometries,0.0116279069767441,0.0,,2011,2014
Lewis2013Critical_Responses_to,0.1162790697674418,0.0,,2011,2014
"Sayrs2003Narrative,_Metaphor,_and",0.0116279069767441,0.0,1.43651838393198e-05,2011,2014
Zbikowski1995Theories_of_Categorization,0.0232558139534883,0.0,,2011,2014
Donin2008Charting_the_Score,0.0116279069767441,0.0,,2011,2014
Bent1996Diatonic_<i>ficta</i>_revisited:,0.0116279069767441,0.0,,2011,2014
10.30535/mto.4.1.1,0.0348837209302325,0.0,,2011,2014
Reed2007A_Tetrahelix_Animates,0.0232558139534883,0.0,,2011,2014
Dodson2002Performance_and_Hypermetric,0.0116279069767441,0.0,,2011,2014
10.30535/mto.18.4.4,0.0116279069767441,0.0,,2011,2014
Cox2013Review_of_Steve,0.0116279069767441,0.0,,2011,2014
Roeder2001Pulse_Streams_and,0.0116279069767441,0.0,,2011,2014
10.30535/mto.17.3.2,0.0465116279069767,0.0054945054945054,0.0032824128659104,2011,2014
"Zbikowski1995Response_to_Robison,",0.0116279069767441,0.0,,2011,2014
Littlefield1996The_Silence_of,0.0116279069767441,0.0,,2011,2014
Everett2004Making_Sense_of,0.0813953488372093,0.0,0.999989177422726,2011,2014
Chenette2012Hearing_Counterpoint_Within,0.0116279069767441,0.0,,2011,2014
10.30535/mto.19.3.2,0.0116279069767441,0.0,3.1641374095418055e-08,2011,2014
Hermann1995Towards_a_New,0.0232558139534883,0.0,,2011,2014
Samplaski2004Interval-Classes_and_Psychological,0.0116279069767441,0.0,,2011,2014
Maler2013Songs_for_Hands:,0.0697674418604651,0.0,3.1641374095418055e-08,2011,2014
Blake2012Timbre_as_Differentiation,0.0116279069767441,0.0,,2011,2014
Rusch2013Beyond_Homage_and,0.0116279069767441,0.0,,2011,2014
Ewell2013“On_the_System,0.0116279069767441,0.0,,2011,2014
10.30535/mto.20.3.8,0.0116279069767441,0.0,3.1641374095418055e-08,2011,2014
Klumpenhouwer1994Some_Remarks_on,0.0116279069767441,0.0,,2011,2014
"Sheehy2013Improvisation,_Analysis,_and",0.1162790697674418,0.0,,2011,2014
10.30535/mto.16.4.4.,0.0465116279069767,0.0,,2011,2014
Steinbeck2013Improvisational_Fictions,0.1162790697674418,0.0,,2011,2014
Rothgeb1995The_Tristan_Chord:,0.0116279069767441,0.0,,2011,2014
Endrinal2013Review_of_Allan,0.0116279069767441,0.0,3.1641374095418055e-08,2011,2014
Nettl2013Contemplating_the_Concept,0.0581395348837209,0.0,,2011,2014
Losada2007K-nets_and_Hierarchical,0.0116279069767441,0.0,,2011,2014
Urista2003Beyond_Words:_The,0.0116279069767441,0.0,,2011,2014
10.30535/mto.7.6.1,0.0232558139534883,0.0,,2011,2014
10.30535/mto.19.2.2,0.0813953488372093,0.0,,2011,2014
10.30535/mto.19.4.3,0.0116279069767441,0.0,,2011,2014
Guerrero2006Serial_Intervention_in,0.0071942446043165,0.0,,2014,2017
Schultz2012Tonal_Pairing_and,0.014388489208633,0.0,3.903434556272783e-11,2014,2017
Hough2015Elements_of_Style,0.0071942446043165,0.0,3.903434556272783e-11,2014,2017
10.30535/mto.17.3.8,0.0431654676258992,0.001062925170068,6.842720777146205e-08,2014,2017
Guido2014Unpacking_the_Box,0.0071942446043165,0.0,,2014,2017
Garcia2005On_and_On:,0.0071942446043165,0.0,,2014,2017
Kopp2014On_Performing_Chopin’s,0.0071942446043165,0.0,,2014,2017
10.30535/mto.17.1.8,0.0503597122302158,0.0004251700680272,2.671701878606354e-05,2014,2017
Bugallo2014<i>Harmonic</i>_and_<i>Non-Harmonic</i>,0.014388489208633,0.0,,2014,2017
"Koozin1999On_Metaphor,_Technology,",0.0071942446043165,0.0,,2014,2017
Neidhöfer2007Bruno_Maderna’s_Serial,0.0071942446043165,0.0,,2014,2017
Kuusi2009Discrimination_and_Evaluation,0.0071942446043165,0.0,,2014,2017
Kuusi2003The_Role_of,0.0071942446043165,0.0,,2014,2017
10.30535/mto.22.1.3.,0.0287769784172661,0.0,3.903434556272783e-11,2014,2017
10.30535/mto.20.3.6,0.0215827338129496,0.0004251700680272,2.2835092154195822e-08,2014,2017
Cumming2013Renaissance_Improvisation_and,0.0431654676258992,0.0,,2014,2017
Koozin2014History_and_Future,0.014388489208633,0.0,3.903434556272783e-11,2014,2017
10.30535/mto.21.2.3,0.0071942446043165,0.0,,2014,2017
Clercq2016Review_of_Ralf,0.0071942446043165,0.0,3.903434556272783e-11,2014,2017
Bakulina2014The_Concept_of,0.0215827338129496,0.0,3.903434556272783e-11,2014,2017
Salley2015On_Duration_and,0.0071942446043165,0.0,,2014,2017
Nooshin2013Beyond_the_<i>Radif</i>:,0.0359712230215827,0.0,,2014,2017
Gann2014Outside_the_Feedback,0.014388489208633,0.0,,2014,2017
Murcott2014Tomorrow’s_Music_On,0.0359712230215827,0.0,,2014,2017
"Wild2014Genus,_Species_and",0.0071942446043165,0.0,,2014,2017
10.30535/mto.18.3.7,0.014388489208633,0.0,,2014,2017
Shanahan2009Review_of_Aniruddh,0.0071942446043165,0.0,,2014,2017
Rahn1994From_Similarity_to,0.0071942446043165,0.0,,2014,2017
10.30535/mto.19.1.2,0.0071942446043165,0.0,,2014,2017
Robison1995Category_Structures_and,0.0071942446043165,0.0,,2014,2017
Cohen2015Expansive_Form_in,0.014388489208633,0.0,3.903434556272783e-11,2014,2017
Leydon2012Clean_as_a,0.014388489208633,0.0,,2014,2017
10.30535/mto.15.5.1,0.0071942446043165,0.0,,2014,2017
Attas2009Metaphors_in_Motion:,0.0071942446043165,0.0,,2014,2017
Gotham2015Meter_Metrics:_Characterizing,0.0287769784172661,0.0,3.903434556272783e-11,2014,2017
10.30535/mto.18.3.4,0.014388489208633,0.0,,2014,2017
Roeder1993Toward_a_Semiotic,0.0071942446043165,0.0,,2014,2017
Moseley2013Entextualization_and_the,0.0719424460431654,0.0,,2014,2017
10.30535/mto.17.3.3,0.0287769784172661,0.0,6.736274116796637e-06,2014,2017
10.30535/mto.12.2.2.,0.014388489208633,0.0,6.690682001179369e-06,2014,2017
Hanenberg2016Rock_Modulation_and,0.0575539568345323,0.0,3.903434556272783e-11,2014,2017
Anku2000Circles_and_Time:,0.014388489208633,0.0,0.5772788707543103,2014,2017
10.30535/mto.18.3.6.,0.0215827338129496,0.0,,2014,2017
Ewell2012Rethinking_Octatonicism:_Views,0.0359712230215827,0.0,0.0013158340878642,2014,2017
Kallis2008Principles_of_Pitch,0.0071942446043165,0.0,,2014,2017
10.30535/mto.22.2.6,0.0071942446043165,0.0,,2014,2017
10.30535/mto.18.4.3,0.0071942446043165,0.0,,2014,2017
Dodson2012Solutions_to_the,0.0071942446043165,0.0,,2014,2017
"Gur2008Body,_Forces,_and",0.0071942446043165,0.0,,2014,2017
10.30535/mto.20.4.1,0.0287769784172661,0.0,4.563114996282885e-08,2014,2017
Buchler2007Reconsidering_Klumpenhouwer_Networks,0.0071942446043165,0.0,,2014,2017
Demske1995On_Considering_a,0.0071942446043165,0.0,,2014,2017
Kochavi2012Review_of_Edward,0.0071942446043165,0.0,,2014,2017
Byros2012Review_of_Giorgio,0.0071942446043165,0.0,,2014,2017
Townsend2012Scriabin_and_the,0.0071942446043165,0.0,,2014,2017
Hood2012Ambiguity_of_Tonal,0.0071942446043165,0.0,,2014,2017
Littlefield1994Code_and_Context:,0.0071942446043165,0.0,,2014,2017
Kaminsky2000Revenge_of_the,0.0071942446043165,0.0,2.2835092154195822e-08,2014,2017
10.30535/mto.12.4.2,0.0287769784172661,0.0,0.5772988514989787,2014,2017
10.30535/mto.17.4.3,0.0215827338129496,0.0,2.2835092154195822e-08,2014,2017
10.30535/mto.19.4.2,0.0287769784172661,0.0,2.2835092154195822e-08,2014,2017
Roeder2009Constructing_Transformational_Signification:,0.0071942446043165,0.0,,2014,2017
10.30535/mto.7.2.1,0.0071942446043165,0.0,6.667885943370733e-06,2014,2017
Samarotto2009“Plays_of_Opposing,0.0071942446043165,0.0,,2014,2017
10.30535/mto.17.3.6,0.0287769784172661,0.0,0.0039273162763345,2014,2017
10.30535/mto.15.5.2,0.014388489208633,0.0,6.690682001179369e-06,2014,2017
10.30535/mto.14.2.3,0.014388489208633,0.0,,2014,2017
Cramer2003The_Harmonic_Function,0.0071942446043165,0.0,,2014,2017
10.30535/mto.7.1.1,0.0287769784172661,0.0,0.0039273162763345,2014,2017
10.30535/mto.21.2.5,0.014388489208633,0.0,3.903434556272783e-11,2014,2017
Marion2007Debussy_and_Recollection:,0.0071942446043165,0.0,,2014,2017
Murphy2016Cohn’s_Platonic_Model,0.0359712230215827,0.0,3.903434556272783e-11,2014,2017
Love2012“Possible_Paths”:_Schemata,0.0071942446043165,0.0,,2014,2017
Auerbach2010Pedagogical_Applications_of,0.0071942446043165,0.0,,2014,2017
Urista2007Chopin’s_Prelude_in,0.0071942446043165,0.0,,2014,2017
10.30535/mto.22.4.2,0.014388489208633,0.0,,2014,2017
Sheehy2013Introduction:_Theorizing_Improvisation,0.0503597122302158,0.0,,2014,2017
10.30535/mto.18.3.9,0.0071942446043165,0.0,,2014,2017
Samplaski2005Mapping_the_Geometries,0.0071942446043165,0.0,,2014,2017
Lewis2013Critical_Responses_to,0.0719424460431654,0.0,,2014,2017
10.30535/mto.21.1.3,0.0287769784172661,0.0,3.903434556272783e-11,2014,2017
10.30535/mto.22.4.4,0.0071942446043165,0.0,,2014,2017
"Sayrs2003Narrative,_Metaphor,_and",0.0215827338129496,0.0,6.713478058988003e-06,2014,2017
Zbikowski1995Theories_of_Categorization,0.014388489208633,0.0,,2014,2017
10.30535/mto.17.3.7,0.0071942446043165,0.0,2.2835092154195822e-08,2014,2017
10.30535/mto.21.3.7,0.014388489208633,0.0,,2014,2017
Osborn2011Understanding_Through-Composition_in,0.0215827338129496,0.0,6.842720777146205e-08,2014,2017
Donin2008Charting_the_Score,0.0071942446043165,0.0,,2014,2017
Clement2015Scale_Systems_and,0.0071942446043165,0.0,2.2835092154195822e-08,2014,2017
Bent1996Diatonic_<i>ficta</i>_revisited:,0.0071942446043165,0.0,,2014,2017
10.30535/mto.20.2.1,0.0719424460431654,0.0020549886621315,6.842720777146205e-08,2014,2017
10.30535/mto.4.1.1,0.0287769784172661,0.0,,2014,2017
Reed2007A_Tetrahelix_Animates,0.014388489208633,0.0,,2014,2017
Dodson2002Performance_and_Hypermetric,0.0071942446043165,0.0,,2014,2017
10.30535/mto.22.1.2,0.0071942446043165,0.0,,2014,2017
10.30535/mto.18.4.4,0.0071942446043165,0.0,,2014,2017
Willey2014The_Editing_and,0.0359712230215827,0.0,,2014,2017
Cox2013Review_of_Steve,0.0071942446043165,0.0,,2014,2017
Roeder2001Pulse_Streams_and,0.0287769784172661,0.0,0.0039273162763345,2014,2017
Callender2014Performing_the_Irrational:,0.014388489208633,0.0,,2014,2017
"Neumeyer2006The_Contredanse,_Classical",0.0071942446043165,0.0,2.2835092154195822e-08,2014,2017
10.30535/mto.22.4.5,0.0647482014388489,0.0,3.903434556272783e-11,2014,2017
10.30535/mto.17.3.2,0.0647482014388489,0.0006377551020408,3.340766175289714e-05,2014,2017
"Zbikowski1995Response_to_Robison,",0.0071942446043165,0.0,,2014,2017
Littlefield1996The_Silence_of,0.0071942446043165,0.0,,2014,2017
Everett2004Making_Sense_of,0.1079136690647482,0.0,0.0117355017831498,2014,2017
Chenette2012Hearing_Counterpoint_Within,0.0071942446043165,0.0,,2014,2017
10.30535/mto.19.3.2,0.0071942446043165,0.0,3.903434556272783e-11,2014,2017
Hermann1995Towards_a_New,0.014388489208633,0.0,,2014,2017
Samplaski2004Interval-Classes_and_Psychological,0.0071942446043165,0.0,,2014,2017
Maler2013Songs_for_Hands:,0.0431654676258992,0.0,3.903434556272783e-11,2014,2017
Bourne2016Perceiving_Irony_in,0.0071942446043165,0.0,,2014,2017
Blake2012Timbre_as_Differentiation,0.014388489208633,0.0,,2014,2017
Rusch2013Beyond_Homage_and,0.0071942446043165,0.0,,2014,2017
Ewell2013“On_the_System,0.0287769784172661,0.0,6.713478058988003e-06,2014,2017
Albrecht2014Review_of_Elizabeth,0.0071942446043165,0.0,,2014,2017
Byros2015Prelude_on_a,0.0071942446043165,0.0,,2014,2017
Bazayev2014Introduction:_Russian_Theoretical,0.014388489208633,0.0,3.903434556272783e-11,2014,2017
Stankis2015Maurice_Ravel’s_“Color,0.0071942446043165,0.0,,2014,2017
10.30535/mto.20.3.8,0.014388489208633,0.0004251700680272,2.2835092154195822e-08,2014,2017
Leong2005The_Performer’s_Voice:,0.014388489208633,0.0,,2014,2017
Klumpenhouwer1994Some_Remarks_on,0.0071942446043165,0.0,,2014,2017
Covach1995Schoenberg’s_Turn_to,0.0071942446043165,0.0,,2014,2017
10.30535/mto.21.3.10,0.014388489208633,0.0,,2014,2017
"Sheehy2013Improvisation,_Analysis,_and",0.0719424460431654,0.0,,2014,2017
10.30535/mto.16.4.4.,0.0503597122302158,0.001204648526077,0.0039273162763345,2014,2017
"Robb2015Imagined,_Supplemental_Sound",0.0071942446043165,0.0,,2014,2017
Steinbeck2013Improvisational_Fictions,0.0719424460431654,0.0,,2014,2017
Rothgeb1995The_Tristan_Chord:,0.0071942446043165,0.0,,2014,2017
10.30535/mto.17.3.5,0.0071942446043165,0.0,,2014,2017
Endrinal2013Review_of_Allan,0.0071942446043165,0.0,3.903434556272783e-11,2014,2017
Cairns2014A_Glimpse_at,0.014388489208633,0.0,3.903434556272783e-11,2014,2017
10.30535/mto.22.3.3,0.0647482014388489,0.0,3.903434556272783e-11,2014,2017
Nettl2013Contemplating_the_Concept,0.0431654676258992,0.0,,2014,2017
Losada2007K-nets_and_Hierarchical,0.0071942446043165,0.0,,2014,2017
Urista2003Beyond_Words:_The,0.0071942446043165,0.0,,2014,2017
10.30535/mto.22.3.1,0.0071942446043165,0.0,,2014,2017
10.30535/mto.7.6.1,0.0359712230215827,0.0,0.5772988742950365,2014,2017
10.30535/mto.19.2.2,0.0935251798561151,0.0073696145124716,2.0071967934847035e-05,2014,2017
10.30535/mto.19.4.3,0.014388489208633,0.0004251700680272,2.2835092154195822e-08,2014,2017
Guerrero2006Serial_Intervention_in,0.0048543689320388,0.0,,2017,2020
Schultz2012Tonal_Pairing_and,0.0097087378640776,0.0,2.4542474474197743e-11,2017,2020
Hough2015Elements_of_Style,0.0048543689320388,0.0,2.4542474474197743e-11,2017,2020
Rings2018Music’s_Stubborn_Enchantments,0.0048543689320388,0.0,,2017,2020
10.30535/mto.17.3.8,0.029126213592233,0.0004162504162504,2.38062002399718e-09,2017,2020
Jakubowski2018Spectral_Meter:_Dramatizing,0.0194174757281553,0.0,2.4542474474197743e-11,2017,2020
Guido2014Unpacking_the_Box,0.0048543689320388,0.0,,2017,2020
Mastic2015Normative_Wit:_Haydn’s,0.0048543689320388,0.0,,2017,2020
Garcia2005On_and_On:,0.0048543689320388,0.0,,2017,2020
10.30535/mto.22.3.9,0.0097087378640776,0.0,,2017,2020
Agawu1996Analyzing_Music_Under,0.0048543689320388,0.0,,2017,2020
Kopp2014On_Performing_Chopin’s,0.0048543689320388,0.0,,2017,2020
10.30535/mto.17.1.8,0.0485436893203883,0.0004162504162504,9.230424649745764e-08,2017,2020
Bugallo2014<i>Harmonic</i>_and_<i>Non-Harmonic</i>,0.0097087378640776,0.0,,2017,2020
"Koozin1999On_Metaphor,_Technology,",0.0048543689320388,0.0,,2017,2020
Childs2006Structural_and_Transformational,0.0048543689320388,0.0,,2017,2020
Neidhöfer2007Bruno_Maderna’s_Serial,0.0048543689320388,0.0,,2017,2020
Kuusi2009Discrimination_and_Evaluation,0.0048543689320388,0.0,,2017,2020
Kuusi2003The_Role_of,0.0048543689320388,0.0,,2017,2020
10.30535/mto.22.1.3.,0.0194174757281553,0.0,2.4542474474197743e-11,2017,2020
10.30535/mto.25.4.3,0.029126213592233,0.0,2.4542474474197743e-11,2017,2020
10.30535/mto.19.3.1,0.0048543689320388,0.0,,2017,2020
10.30535/mto.20.3.6,0.029126213592233,0.0005827505827505,1.533904654637358e-08,2017,2020
Cumming2013Renaissance_Improvisation_and,0.0339805825242718,0.0,,2017,2020
10.30535/mto.25.3.3,0.0145631067961165,0.0,,2017,2020
Koozin2014History_and_Future,0.0097087378640776,0.0,2.4542474474197743e-11,2017,2020
10.30535/mto.21.2.3,0.0097087378640776,0.0,,2017,2020
Clercq2016Review_of_Ralf,0.0048543689320388,0.0,2.4542474474197743e-11,2017,2020
Bakulina2014The_Concept_of,0.0194174757281553,8.325008325008325e-05,8.099016576485258e-10,2017,2020
Salley2015On_Duration_and,0.0048543689320388,0.0,,2017,2020
Nooshin2013Beyond_the_<i>Radif</i>:,0.0339805825242718,0.0,,2017,2020
Gann2014Outside_the_Feedback,0.0097087378640776,0.0,,2017,2020
10.30535/mto.25.1.8,0.0048543689320388,0.0,8.099016576485258e-10,2017,2020
Murcott2014Tomorrow’s_Music_On,0.0242718446601941,0.0,,2017,2020
"Wild2014Genus,_Species_and",0.0048543689320388,0.0,,2017,2020
10.30535/mto.18.3.7,0.0097087378640776,0.0,,2017,2020
10.30535/mto.14.2.2,0.0097087378640776,0.0,,2017,2020
Shanahan2009Review_of_Aniruddh,0.0097087378640776,0.0,1.3768328180024938e-08,2017,2020
10.30535/mto.25.3.4,0.0048543689320388,0.0,,2017,2020
Rahn1994From_Similarity_to,0.0048543689320388,0.0,,2017,2020
10.30535/mto.19.1.2,0.0048543689320388,0.0,,2017,2020
10.30535/mto.23.4.6,0.0048543689320388,0.0,2.4542474474197743e-11,2017,2020
10.2307/763915,0.0048543689320388,0.0,,2017,2020
Robison1995Category_Structures_and,0.0048543689320388,0.0,,2017,2020
Cohen2015Expansive_Form_in,0.0097087378640776,0.0,2.4542474474197743e-11,2017,2020
Leydon2012Clean_as_a,0.0097087378640776,0.0,,2017,2020
10.30535/mto.15.5.1,0.0242718446601941,0.0001665001665001,2.751211388557568e-08,2017,2020
Attas2009Metaphors_in_Motion:,0.0048543689320388,0.0,,2017,2020
Samarotto2004Sublimating_Sharp_<math><mover><mn>4</mn><mo>̂</mo></mover></math>:,0.0048543689320388,0.0,,2017,2020
Love2015Historical_Hypermetrical_Hearing:,0.0048543689320388,0.0,,2017,2020
Gotham2015Meter_Metrics:_Characterizing,0.0242718446601941,0.0004162504162504,8.099016576485258e-10,2017,2020
Clercq2018Review_of_Christopher,0.0097087378640776,0.0,2.4542474474197743e-11,2017,2020
10.30535/mto.18.3.4,0.0145631067961165,0.0,,2017,2020
Roeder1993Toward_a_Semiotic,0.0048543689320388,0.0,,2017,2020
Moseley2013Entextualization_and_the,0.058252427184466,0.0,,2017,2020
10.30535/mto.17.3.3,0.0436893203883495,0.0,0.6324547657839971,2017,2020
10.30535/mto.12.2.2.,0.0097087378640776,0.0,1.3768328180024938e-08,2017,2020
Hanenberg2016Rock_Modulation_and,0.0388349514563106,0.0,2.4542474474197743e-11,2017,2020
10.30535/mto.24.2.3,0.0194174757281553,0.0,,2017,2020
Anku2000Circles_and_Time:,0.0145631067961165,0.0,2.45615439768642e-05,2017,2020
10.30535/mto.18.3.6.,0.0194174757281553,0.0,,2017,2020
Ewell2012Rethinking_Octatonicism:_Views,0.0339805825242718,0.0,1.6062804118617683e-06,2017,2020
Kallis2008Principles_of_Pitch,0.0048543689320388,0.0,,2017,2020
10.30535/mto.22.2.6,0.0048543689320388,0.0,,2017,2020
10.30535/mto.18.4.3,0.0048543689320388,0.0,,2017,2020
Dodson2012Solutions_to_the,0.0048543689320388,0.0,,2017,2020
Vélez2017Review_of_Lawrence,0.0048543689320388,0.0,,2017,2020
"Gur2008Body,_Forces,_and",0.0048543689320388,0.0,,2017,2020
10.30535/mto.20.4.1,0.0194174757281553,0.0,1.5952608408228534e-09,2017,2020
Buchler2007Reconsidering_Klumpenhouwer_Networks,0.0097087378640776,0.0,,2017,2020
Demske1995On_Considering_a,0.0048543689320388,0.0,,2017,2020
Kochavi2012Review_of_Edward,0.0048543689320388,0.0,,2017,2020
Byros2012Review_of_Giorgio,0.0097087378640776,0.0,,2017,2020
Townsend2012Scriabin_and_the,0.0048543689320388,0.0,,2017,2020
Hood2012Ambiguity_of_Tonal,0.0048543689320388,0.0,,2017,2020
Clement2017Review_of_Brad,0.0145631067961165,0.0,2.4542474474197743e-11,2017,2020
10.30535/mto.23.1.4,0.0097087378640776,0.0,,2017,2020
Littlefield1994Code_and_Context:,0.0048543689320388,0.0,,2017,2020
Kaminsky2000Revenge_of_the,0.0048543689320388,0.0,8.099016576485258e-10,2017,2020
10.30535/mto.12.4.2,0.0339805825242718,0.0,2.489335823175536e-05,2017,2020
10.30535/mto.23.3.4,0.0388349514563106,0.0,2.4542474474197743e-11,2017,2020
10.30535/mto.17.4.3,0.0242718446601941,8.325008325008325e-05,2.38062002399718e-09,2017,2020
10.30535/mto.23.3.6,0.0339805825242718,0.0003330003330003,0.3162273756642398,2017,2020
10.30535/mto.19.4.2,0.0194174757281553,0.0,8.099016576485258e-10,2017,2020
10.30535/mto.25.1.10,0.0145631067961165,0.0001665001665001,8.099016576485258e-10,2017,2020
Roeder2009Constructing_Transformational_Signification:,0.0048543689320388,0.0,,2017,2020
10.30535/mto.7.2.1,0.0048543689320388,0.0,1.2982968996850612e-08,2017,2020
10.30535/mto.24.1.1,0.0097087378640776,0.0,2.4542474474197743e-11,2017,2020
10.30535/mto.25.2.7,0.0048543689320388,0.0,,2017,2020
10.30535/mto.23.1.7,0.0097087378640776,0.0,2.4542474474197743e-11,2017,2020
Samarotto2009“Plays_of_Opposing,0.0048543689320388,0.0,,2017,2020
10.30535/mto.17.3.6,0.0242718446601941,0.0,3.3028525873141114e-06,2017,2020
10.30535/mto.15.5.2,0.0097087378640776,0.0,1.476720689112479e-07,2017,2020
10.30535/mto.14.2.3,0.0242718446601941,0.0,3.204510892096001e-07,2017,2020
10.30535/mto.23.1.6,0.0097087378640776,0.0,,2017,2020
Cramer2003The_Harmonic_Function,0.0097087378640776,0.0,,2017,2020
10.30535/mto.7.1.1,0.0194174757281553,0.0,3.3020672281309376e-06,2017,2020
10.30535/mto.21.2.5,0.0145631067961165,0.0003330003330003,8.099016576485258e-10,2017,2020
Marion2007Debussy_and_Recollection:,0.0048543689320388,0.0,,2017,2020
Murphy2016Cohn’s_Platonic_Model,0.0242718446601941,0.0,2.4542474474197743e-11,2017,2020
Love2012“Possible_Paths”:_Schemata,0.0097087378640776,0.0,,2017,2020
Auerbach2010Pedagogical_Applications_of,0.0048543689320388,0.0,,2017,2020
Bakulina2017Canons_as_Hypermetrical,0.0048543689320388,0.0,,2017,2020
Urista2007Chopin’s_Prelude_in,0.0048543689320388,0.0,,2017,2020
10.30535/mto.22.4.2,0.0097087378640776,0.0,,2017,2020
Sheehy2013Introduction:_Theorizing_Improvisation,0.0339805825242718,0.0,,2017,2020
10.30535/mto.23.2.7,0.029126213592233,0.0,,2017,2020
10.30535/mto.18.3.9,0.0048543689320388,0.0,,2017,2020
Samplaski2005Mapping_the_Geometries,0.0048543689320388,0.0,,2017,2020
Lewis2013Critical_Responses_to,0.0631067961165048,0.0,,2017,2020
10.30535/mto.21.1.3,0.0242718446601941,0.0016650016650016,8.099016576485258e-10,2017,2020
10.30535/mto.22.4.4,0.0145631067961165,0.0,,2017,2020
"Sayrs2003Narrative,_Metaphor,_and",0.0145631067961165,0.0,1.4553687363199261e-08,2017,2020
Zbikowski1995Theories_of_Categorization,0.0097087378640776,0.0,,2017,2020
10.30535/mto.17.3.7,0.0048543689320388,0.0,8.099016576485258e-10,2017,2020
10.30535/mto.21.3.7,0.0097087378640776,0.0,,2017,2020
Osborn2011Understanding_Through-Composition_in,0.0242718446601941,0.0,1.6124405729547905e-08,2017,2020
Donin2008Charting_the_Score,0.0048543689320388,0.0,,2017,2020
10.30535/mto.25.2.4,0.0242718446601941,0.0,,2017,2020
10.30535/mto.22.3.8,0.0048543689320388,0.0,,2017,2020
10.30535/mto.22.3.7,0.0097087378640776,0.0,,2017,2020
Clement2015Scale_Systems_and,0.0048543689320388,0.0,8.099016576485258e-10,2017,2020
10.30535/mto.25.1.5,0.0048543689320388,0.0,2.4542474474197743e-11,2017,2020
Bent1996Diatonic_<i>ficta</i>_revisited:,0.0048543689320388,0.0,,2017,2020
10.30535/mto.23.3.2,0.0048543689320388,0.0,,2017,2020
10.30535/mto.20.2.1,0.0631067961165048,0.0027750027750027,2.908283225192433e-08,2017,2020
10.30535/mto.4.1.1,0.0194174757281553,0.0,,2017,2020
10.30535/mto.25.4.1,0.0097087378640776,0.0,,2017,2020
Reed2007A_Tetrahelix_Animates,0.0097087378640776,0.0,,2017,2020
10.30535/mto.25.4.4,0.0145631067961165,0.0,2.4542474474197743e-11,2017,2020
Hook2011Review_of_Dmitri,0.0097087378640776,0.0,,2017,2020
Wells2017A_Generalized_Intervallic,0.0145631067961165,0.0,2.4542474474197743e-11,2017,2020
Dodson2002Performance_and_Hypermetric,0.0048543689320388,0.0,,2017,2020
10.30535/mto.22.1.2,0.0048543689320388,0.0,,2017,2020
10.30535/mto.18.4.4,0.0048543689320388,0.0,,2017,2020
Willey2014The_Editing_and,0.0242718446601941,0.0,,2017,2020
Cox2013Review_of_Steve,0.0048543689320388,0.0,,2017,2020
Roeder2001Pulse_Streams_and,0.0242718446601941,0.0,3.3028525873141114e-06,2017,2020
Callender2014Performing_the_Irrational:,0.0097087378640776,0.0,,2017,2020
10.30535/mto.23.4.8,0.0194174757281553,0.0,2.4542474474197743e-11,2017,2020
"Neumeyer2006The_Contredanse,_Classical",0.0048543689320388,0.0,8.099016576485258e-10,2017,2020
10.30535/mto.25.1.7,0.0339805825242718,0.0,2.4542474474197743e-11,2017,2020
10.30535/mto.24.1.2,0.0097087378640776,0.0,,2017,2020
10.30535/mto.25.1.11,0.0048543689320388,0.0,8.099016576485258e-10,2017,2020
10.30535/mto.22.4.5,0.0436893203883495,0.0,2.4542474474197743e-11,2017,2020
10.30535/mto.17.3.2,0.0485436893203883,0.0002497502497502,8.013117915825559e-08,2017,2020
"Zbikowski1995Response_to_Robison,",0.0048543689320388,0.0,,2017,2020
Littlefield1996The_Silence_of,0.0048543689320388,0.0,,2017,2020
Everett2004Making_Sense_of,0.1067961165048543,0.0,0.632456687165239,2017,2020
Bazayev2018An_Octatonic_History,0.0145631067961165,0.0,2.4542474474197743e-11,2017,2020
Chenette2012Hearing_Counterpoint_Within,0.0048543689320388,0.0,,2017,2020
10.30535/mto.19.3.2,0.0048543689320388,0.0,2.4542474474197743e-11,2017,2020
Hermann1995Towards_a_New,0.0097087378640776,0.0,,2017,2020
Samplaski2004Interval-Classes_and_Psychological,0.0048543689320388,0.0,,2017,2020
Maler2013Songs_for_Hands:,0.029126213592233,0.0,2.4542474474197743e-11,2017,2020
Bourne2016Perceiving_Irony_in,0.0097087378640776,0.0,8.099016576485258e-10,2017,2020
10.30535/mto.25.1.1,0.0388349514563106,0.0,,2017,2020
Blake2012Timbre_as_Differentiation,0.0097087378640776,0.0,,2017,2020
Rusch2013Beyond_Homage_and,0.0048543689320388,0.0,,2017,2020
10.30535/mto.24.3.7,0.0048543689320388,0.0,2.4542474474197743e-11,2017,2020
Ewell2013“On_the_System,0.0242718446601941,0.0,1.7358892195600057e-07,2017,2020
10.30535/mto.24.3.9,0.0097087378640776,0.0,,2017,2020
Clarke2017North_Indian_Classical,0.0048543689320388,0.0,,2017,2020
Rabinovitch2017Review_of_Massimiliano,0.0194174757281553,0.0,,2017,2020
Albrecht2014Review_of_Elizabeth,0.0048543689320388,0.0,,2017,2020
Byros2015Prelude_on_a,0.0145631067961165,0.0,,2017,2020
Bazayev2014Introduction:_Russian_Theoretical,0.0097087378640776,0.0,2.4542474474197743e-11,2017,2020
10.30535/mto.24.3.4,0.0242718446601941,0.0,2.4542474474197743e-11,2017,2020
Stankis2015Maurice_Ravel’s_“Color,0.0048543689320388,0.0,,2017,2020
10.30535/mto.25.3.1,0.0097087378640776,0.0,2.4542474474197743e-11,2017,2020
10.30535/mto.20.3.8,0.0145631067961165,0.0003330003330003,1.3768328180024938e-08,2017,2020
10.30535/mto.25.1.3,0.0048543689320388,0.0,,2017,2020
Leong2005The_Performer’s_Voice:,0.0097087378640776,0.0,,2017,2020
"Burns2004Authenticity,_Appropriation,_Signification:",0.0048543689320388,0.0,,2017,2020
10.30535/mto.17.2.3,0.0048543689320388,0.0,,2017,2020
Stover2012Review_of_Keith,0.0048543689320388,0.0,,2017,2020
Klumpenhouwer1994Some_Remarks_on,0.0048543689320388,0.0,,2017,2020
Covach1995Schoenberg’s_Turn_to,0.0048543689320388,0.0,,2017,2020
10.30535/mto.21.3.10,0.0097087378640776,0.0,,2017,2020
"Sheehy2013Improvisation,_Analysis,_and",0.0631067961165048,0.0,,2017,2020
Duker2015Hacking_the_Music,0.0048543689320388,0.0,,2017,2020
10.30535/mto.16.4.4.,0.0388349514563106,0.0008880008880008,3.3028525873141114e-06,2017,2020
Schachter2015Structural_Levels_in,0.0048543689320388,0.0,,2017,2020
"Robb2015Imagined,_Supplemental_Sound",0.0048543689320388,0.0,,2017,2020
10.30535/mto.24.4.2,0.0048543689320388,0.0,,2017,2020
10.30535/mto.24.4.1,0.0048543689320388,0.0,,2017,2020
Steinbeck2013Improvisational_Fictions,0.058252427184466,0.0,,2017,2020
Rothgeb1995The_Tristan_Chord:,0.0048543689320388,0.0,,2017,2020
Diergarten2008“At_times_even,0.0048543689320388,0.0,,2017,2020
10.30535/mto.23.2.2,0.0242718446601941,0.0,0.3162273756151548,2017,2020
10.30535/mto.17.3.5,0.0048543689320388,0.0,,2017,2020
Endrinal2013Review_of_Allan,0.0048543689320388,0.0,2.4542474474197743e-11,2017,2020
10.30535/mto.23.2.4,0.0048543689320388,0.0,,2017,2020
Cairns2014A_Glimpse_at,0.0097087378640776,0.0,2.4542474474197743e-11,2017,2020
10.30535/mto.22.3.3,0.0485436893203883,0.0002220002220002,8.099016576485258e-10,2017,2020
10.30535/mto.25.1.12,0.0145631067961165,0.0,8.099016576485258e-10,2017,2020
Nettl2013Contemplating_the_Concept,0.0388349514563106,0.0,,2017,2020
Losada2007K-nets_and_Hierarchical,0.0048543689320388,0.0,,2017,2020
Urista2003Beyond_Words:_The,0.0048543689320388,0.0,,2017,2020
10.30535/mto.25.1.9,0.0048543689320388,0.0,8.099016576485258e-10,2017,2020
10.30535/mto.22.3.1,0.0097087378640776,0.0,8.099016576485258e-10,2017,2020
10.30535/mto.7.6.1,0.0339805825242718,0.0,2.489335823175536e-05,2017,2020
10.30535/mto.19.2.2,0.0728155339805825,0.0045232545232545,3.593263687767293e-07,2017,2020
10.30535/mto.23.1.3,0.0145631067961165,0.0,,2017,2020
Rusch2013Crossing_Over_with,0.0048543689320388,0.0,,2017,2020
Cubero2017Inwardness_and_Inner,0.0048543689320388,0.0,,2017,2020
10.30535/mto.19.4.3,0.0097087378640776,0.0001665001665001,8.099016576485258e-10,2017,2020
Guerrero2006Serial_Intervention_in,0.0034843205574912,0.0,,2020,2023
10.30535/mto.18.1.6,0.0034843205574912,0.0,,2020,2023
Schultz2012Tonal_Pairing_and,0.0069686411149825,0.0,6.292710633016561e-12,2020,2023
Miller2020“All_of_the,0.024390243902439,0.0,6.292710633016561e-12,2020,2023
10.30535/mto.27.4.3,0.0034843205574912,0.0,6.292710633016561e-12,2020,2023
10.30535/mto.26.1.3,0.0278745644599303,0.0,6.292710633016561e-12,2020,2023
Hough2015Elements_of_Style,0.0034843205574912,0.0,6.292710633016561e-12,2020,2023
Rings2018Music’s_Stubborn_Enchantments,0.0034843205574912,0.0,,2020,2023
10.30535/mto.17.3.8,0.0383275261324041,0.0002167490070715,5.141144587174531e-09,2020,2023
Jakubowski2018Spectral_Meter:_Dramatizing,0.0139372822299651,0.0,6.292710633016561e-12,2020,2023
10.30535/mto.27.2.13,0.0069686411149825,0.0,,2020,2023
Guido2014Unpacking_the_Box,0.0034843205574912,0.0,9.690774374845503e-10,2020,2023
10.30535/mto.23.1.1,0.0034843205574912,0.0,,2020,2023
Hannaford2020Review_of_Leslie,0.0278745644599303,0.0,6.292710633016561e-12,2020,2023
Mastic2015Normative_Wit:_Haydn’s,0.0069686411149825,0.0,,2020,2023
10.30535/mto.24.3.5,0.0034843205574912,0.0,,2020,2023
Garcia2005On_and_On:,0.0034843205574912,0.0,,2020,2023
10.30535/mto.27.2.1,0.0034843205574912,0.0,,2020,2023
10.30535/mto.22.3.9,0.0139372822299651,0.0,1.2900056797683946e-09,2020,2023
Agawu1996Analyzing_Music_Under,0.0034843205574912,0.0,,2020,2023
Kopp2014On_Performing_Chopin’s,0.0034843205574912,0.0,,2020,2023
"Cook2005Prompting_Performance:_Text,",0.0034843205574912,0.0,1.1326879139429807e-10,2020,2023
10.30535/mto.17.1.8,0.0627177700348432,0.0001053472827666,1.0965677549094657e-07,2020,2023
Bugallo2014<i>Harmonic</i>_and_<i>Non-Harmonic</i>,0.0069686411149825,0.0,,2020,2023
10.30535/mto.26.2.1,0.0174216027874564,0.0,6.292710633016561e-12,2020,2023
"Koozin1999On_Metaphor,_Technology,",0.0034843205574912,0.0,,2020,2023
Childs2006Structural_and_Transformational,0.0069686411149825,0.0,,2020,2023
Neidhöfer2007Bruno_Maderna’s_Serial,0.0034843205574912,0.0,,2020,2023
Kuusi2009Discrimination_and_Evaluation,0.0034843205574912,0.0,,2020,2023
10.30535/mto.26.4.4,0.0139372822299651,0.0,6.292710633016561e-12,2020,2023
10.30535/mto.27.3.1,0.0034843205574912,0.0,,2020,2023
Kuusi2003The_Role_of,0.0034843205574912,0.0,,2020,2023
10.30535/mto.28.3.7,0.0209059233449477,0.0,6.292710633016561e-12,2020,2023
10.30535/mto.22.1.3.,0.0209059233449477,0.0002954567470696,2.202448721555796e-10,2020,2023
10.30535/mto.25.4.3,0.0313588850174216,0.0001598372566114,2.038838245097366e-09,2020,2023
10.30535/mto.19.3.1,0.0034843205574912,0.0,1.1326879139429807e-10,2020,2023
10.30535/mto.20.3.6,0.0209059233449477,0.0001017146178436,1.2900056797683946e-09,2020,2023
Cumming2013Renaissance_Improvisation_and,0.0383275261324041,0.0,0.4364357803655638,2020,2023
10.30535/mto.27.2.8,0.0069686411149825,0.0,,2020,2023
10.30535/mto.25.3.3,0.0174216027874564,2.906131938390003e-05,2.202448721555796e-10,2020,2023
Koozin2014History_and_Future,0.0069686411149825,0.0,6.292710633016561e-12,2020,2023
10.30535/mto.21.2.3,0.0139372822299651,0.0,1.2900056797683946e-09,2020,2023
Clercq2016Review_of_Ralf,0.0034843205574912,0.0,6.292710633016561e-12,2020,2023
Bakulina2014The_Concept_of,0.0139372822299651,1.4530659691950014e-05,1.1326879139429807e-10,2020,2023
10.30535/mto.27.4.6,0.0034843205574912,0.0,6.292710633016561e-12,2020,2023
Salley2015On_Duration_and,0.0034843205574912,0.0,,2020,2023
10.30535/mto.27.4.7,0.0104529616724738,0.0,,2020,2023
10.30535/mto.26.2.7,0.0139372822299651,0.0,6.292710633016561e-12,2020,2023
Nooshin2013Beyond_the_<i>Radif</i>:,0.0313588850174216,0.0,0.4364357792958029,2020,2023
10.30535/mto.28.2.3,0.0069686411149825,0.0,6.292710633016561e-12,2020,2023
Gann2014Outside_the_Feedback,0.0069686411149825,0.0,,2020,2023
10.30535/mto.26.4.3,0.0069686411149825,0.0,,2020,2023
10.30535/mto.25.1.8,0.0034843205574912,0.0,1.1326879139429807e-10,2020,2023
Murcott2014Tomorrow’s_Music_On,0.0174216027874564,0.0,,2020,2023
"Wild2014Genus,_Species_and",0.0034843205574912,0.0,,2020,2023
10.30535/mto.18.3.7,0.0069686411149825,0.0,9.690774374845503e-10,2020,2023
10.30535/mto.14.2.2,0.0069686411149825,0.0,7.066714040877598e-09,2020,2023
10.30535/mto.28.2.7,0.0069686411149825,0.0,1.1326879139429807e-10,2020,2023
10.30535/mto.23.3.12,0.0034843205574912,0.0,,2020,2023
10.30535/mto.18.2.3,0.0034843205574912,0.0,,2020,2023
10.30535/mto.27.2.6,0.0139372822299651,0.0,6.292710633016561e-12,2020,2023
Shanahan2009Review_of_Aniruddh,0.0069686411149825,0.0,1.0760535182458316e-09,2020,2023
10.30535/mto.27.2.11,0.0034843205574912,0.0,,2020,2023
10.30535/mto.25.3.4,0.0069686411149825,0.0,,2020,2023
10.30535/mto.28.2.9,0.0418118466898954,6.191675546514256e-05,1.0760535182458316e-09,2020,2023
10.30535/mto.28.2.4,0.0034843205574912,0.0,6.292710633016561e-12,2020,2023
Rahn1994From_Similarity_to,0.0034843205574912,0.0,,2020,2023
10.30535/mto.19.1.2,0.0069686411149825,0.0,,2020,2023
10.30535/mto.23.4.6,0.0034843205574912,0.0,6.292710633016561e-12,2020,2023
10.2307/763915,0.0034843205574912,0.0,,2020,2023
10.30535/mto.26.1.5,0.0034843205574912,0.0,6.292710633016561e-12,2020,2023
Robison1995Category_Structures_and,0.0034843205574912,0.0,,2020,2023
Cohen2015Expansive_Form_in,0.0069686411149825,0.0,6.292710633016561e-12,2020,2023
Leydon2012Clean_as_a,0.0104529616724738,2.906131938390003e-05,1.1326879139429807e-10,2020,2023
"Holm-Hudson2002Your_Guitar,_It",0.0034843205574912,0.0,1.1326879139429807e-10,2020,2023
10.30535/mto.15.5.1,0.0278745644599303,5.812263876780006e-05,4.1783598603229965e-09,2020,2023
10.30535/mto.28.1.2,0.0209059233449477,0.0,6.292710633016561e-12,2020,2023
Attas2009Metaphors_in_Motion:,0.0034843205574912,0.0,,2020,2023
Samarotto2004Sublimating_Sharp_<math><mover><mn>4</mn><mo>̂</mo></mover></math>:,0.0034843205574912,0.0,,2020,2023
Love2015Historical_Hypermetrical_Hearing:,0.0034843205574912,0.0,,2020,2023
10.30535/mto.26.3.8,0.0034843205574912,0.0,,2020,2023
Gotham2015Meter_Metrics:_Characterizing,0.0209059233449477,0.0001017146178436,2.202448721555796e-10,2020,2023
10.30535/mto.12.1.1,0.0034843205574912,0.0,,2020,2023
Clercq2018Review_of_Christopher,0.0069686411149825,0.0,6.292710633016561e-12,2020,2023
10.30535/mto.18.3.4,0.0104529616724738,0.0,6.317881475548625e-09,2020,2023
Roeder1993Toward_a_Semiotic,0.0034843205574912,0.0,,2020,2023
10.30535/mto.26.2.6,0.0139372822299651,0.0,6.292710633016561e-12,2020,2023
Moseley2013Entextualization_and_the,0.048780487804878,7.265329845975007e-06,0.3273268348966102,2020,2023
10.30535/mto.17.3.3,0.0627177700348432,0.0,2.2258154439493776e-05,2020,2023
10.30535/mto.12.2.2.,0.0104529616724738,0.0,2.894646891187619e-09,2020,2023
10.30535/mto.27.4.1,0.024390243902439,0.0,6.292710633016561e-12,2020,2023
Hanenberg2016Rock_Modulation_and,0.0278745644599303,0.0,6.292710633016561e-12,2020,2023
10.30535/mto.27.2.10,0.0209059233449477,0.0,6.292710633016561e-12,2020,2023
10.30535/mto.24.2.3,0.0139372822299651,0.0,6.292710633016561e-12,2020,2023
Anku2000Circles_and_Time:,0.0139372822299651,0.0,9.602821158327829e-06,2020,2023
10.30535/mto.18.3.6.,0.0139372822299651,2.906131938390003e-05,1.1326879139429807e-10,2020,2023
Ewell2012Rethinking_Octatonicism:_Views,0.024390243902439,0.0,4.4829270549609984e-08,2020,2023
10.30535/mto.27.1.7,0.0139372822299651,0.0,6.292710633016561e-12,2020,2023
10.30535/mto.28.3.1,0.0209059233449477,0.0,6.292710633016561e-12,2020,2023
Kallis2008Principles_of_Pitch,0.0034843205574912,0.0,,2020,2023
10.30535/mto.22.2.6,0.0104529616724738,0.0,,2020,2023
10.30535/mto.26.3.14,0.0313588850174216,0.0,6.292710633016561e-12,2020,2023
10.30535/mto.18.4.3,0.0104529616724738,5.812263876780006e-05,2.202448721555796e-10,2020,2023
Dodson2012Solutions_to_the,0.0034843205574912,0.0,,2020,2023
Vélez2017Review_of_Lawrence,0.0034843205574912,0.0,,2020,2023
"Gur2008Body,_Forces,_and",0.0034843205574912,0.0,6.292710633016561e-12,2020,2023
10.30535/mto.20.4.1,0.0174216027874564,3.632664922987504e-06,3.2722095291686117e-10,2020,2023
Buchler2007Reconsidering_Klumpenhouwer_Networks,0.0069686411149825,0.0,,2020,2023
Demske1995On_Considering_a,0.0034843205574912,0.0,,2020,2023
Kochavi2012Review_of_Edward,0.0034843205574912,0.0,,2020,2023
Byros2012Review_of_Giorgio,0.0104529616724738,0.0,2.038838245097366e-09,2020,2023
Townsend2012Scriabin_and_the,0.0034843205574912,0.0,,2020,2023
10.30535/mto.28.3.8,0.0452961672473867,6.191675546514256e-05,1.1326879139429807e-10,2020,2023
Hood2012Ambiguity_of_Tonal,0.0034843205574912,0.0,,2020,2023
Clement2017Review_of_Brad,0.0104529616724738,0.0,6.292710633016561e-12,2020,2023
10.30535/mto.23.1.4,0.0104529616724738,0.0,,2020,2023
Littlefield1994Code_and_Context:,0.0034843205574912,0.0,,2020,2023
Kaminsky2000Revenge_of_the,0.0034843205574912,0.0,1.1326879139429807e-10,2020,2023
10.30535/mto.12.4.2,0.0383275261324041,0.0,1.027324025645878e-05,2020,2023
10.30535/mto.23.3.4,0.0452961672473867,0.0003583422131809,7.3876422831614415e-09,2020,2023
10.30535/mto.17.4.3,0.0278745644599303,1.4530659691950014e-05,1.3485278886554486e-08,2020,2023
10.30535/mto.23.3.6,0.0278745644599303,0.0001743679163034,1.1131270229402488e-05,2020,2023
10.30535/mto.19.4.2,0.0209059233449477,0.0001162452775356,3.2722095291686117e-10,2020,2023
10.30535/mto.25.1.10,0.0104529616724738,2.906131938390003e-05,1.1326879139429807e-10,2020,2023
Roeder2009Constructing_Transformational_Signification:,0.0034843205574912,0.0,,2020,2023
10.30535/mto.7.2.1,0.0034843205574912,0.0,1.3806207128838338e-08,2020,2023
10.30535/mto.24.1.1,0.0069686411149825,0.0,6.292710633016561e-12,2020,2023
10.30535/mto.28.2.6,0.0313588850174216,0.0,6.292710633016561e-12,2020,2023
10.30535/mto.25.2.7,0.0034843205574912,0.0,,2020,2023
10.30535/mto.23.1.7,0.0069686411149825,0.0,6.292710633016561e-12,2020,2023
10.30535/mto.27.1.3,0.0209059233449477,0.0,1.1326879139429807e-10,2020,2023
Samarotto2009“Plays_of_Opposing,0.0034843205574912,0.0,1.8248860835748035e-09,2020,2023
10.30535/mto.17.3.6,0.0383275261324041,0.0,3.229293242651437e-06,2020,2023
10.30535/mto.15.5.2,0.0174216027874564,0.0,7.387642283161442e-09,2020,2023
Smucker2021Review_of_Laura,0.0034843205574912,0.0,,2020,2023
10.30535/mto.14.2.3,0.024390243902439,0.0,3.7554897057842846e-08,2020,2023
10.30535/mto.23.1.6,0.0174216027874564,0.0,2.252790406619931e-09,2020,2023
Cramer2003The_Harmonic_Function,0.0104529616724738,0.0,8.029498767729129e-09,2020,2023
10.30535/mto.7.1.1,0.0174216027874564,0.0,3.1725959198479592e-06,2020,2023
10.30535/mto.27.2.5,0.0348432055749128,0.0,6.292710633016561e-12,2020,2023
10.30535/mto.26.4.6,0.0034843205574912,0.0,,2020,2023
10.30535/mto.21.2.5,0.0209059233449477,0.0001743679163034,4.341970336781429e-10,2020,2023
10.30535/mto.24.3.3,0.0034843205574912,0.0,,2020,2023
10.30535/mto.13.1.6,0.0034843205574912,0.0,,2020,2023
Marion2007Debussy_and_Recollection:,0.0034843205574912,0.0,,2020,2023
Murphy2016Cohn’s_Platonic_Model,0.0174216027874564,0.0,6.292710633016561e-12,2020,2023
Love2012“Possible_Paths”:_Schemata,0.0104529616724738,0.0,1.1830295990071126e-09,2020,2023
Auerbach2010Pedagogical_Applications_of,0.0034843205574912,0.0,,2020,2023
Bakulina2017Canons_as_Hypermetrical,0.0034843205574912,0.0,,2020,2023
10.30535/mto.27.2.2,0.0139372822299651,5.812263876780006e-05,1.1326879139429807e-10,2020,2023
Urista2007Chopin’s_Prelude_in,0.0034843205574912,0.0,,2020,2023
10.30535/mto.22.4.2,0.0139372822299651,0.0,2.202448721555796e-10,2020,2023
Sheehy2013Introduction:_Theorizing_Improvisation,0.024390243902439,0.0,6.292710633016561e-12,2020,2023
10.30535/mto.23.2.7,0.024390243902439,7.265329845975008e-05,1.1326879139429807e-10,2020,2023
10.30535/mto.18.3.9,0.0069686411149825,0.0,,2020,2023
Samplaski2005Mapping_the_Geometries,0.0034843205574912,0.0,,2020,2023
Lewis2013Critical_Responses_to,0.0522648083623693,7.991862830572508e-05,0.3273268349029029,2020,2023
10.30535/mto.27.2.12,0.0139372822299651,0.0,6.292710633016561e-12,2020,2023
10.30535/mto.21.1.3,0.0313588850174216,0.0003899060350673,3.1085990527101823e-09,2020,2023
10.30535/mto.22.4.4,0.0139372822299651,0.0,,2020,2023
"Sayrs2003Narrative,_Metaphor,_and",0.0139372822299651,0.0,3.0016229719489012e-09,2020,2023
Zbikowski1995Theories_of_Categorization,0.0069686411149825,0.0,,2020,2023
10.30535/mto.17.3.7,0.0174216027874564,0.0,9.099259575341944e-09,2020,2023
10.30535/mto.21.3.7,0.0104529616724738,1.4530659691950014e-05,1.1326879139429807e-10,2020,2023
Osborn2011Understanding_Through-Composition_in,0.0209059233449477,0.0,5.783001071742222e-09,2020,2023
Donin2008Charting_the_Score,0.0034843205574912,0.0,,2020,2023
10.30535/mto.25.2.4,0.0209059233449477,1.4530659691950014e-05,1.1326879139429807e-10,2020,2023
10.30535/mto.22.3.8,0.0069686411149825,0.0,1.9318621643360846e-09,2020,2023
10.30535/mto.22.3.7,0.0174216027874564,0.0,2.252790406619931e-09,2020,2023
10.30535/mto.22.2.1,0.0034843205574912,0.0,1.1326879139429807e-10,2020,2023
10.30535/mto.27.2.3,0.0069686411149825,0.0,1.0760535182458316e-09,2020,2023
Clement2015Scale_Systems_and,0.0034843205574912,0.0,1.1326879139429807e-10,2020,2023
10.30535/mto.25.1.5,0.0034843205574912,0.0,6.292710633016561e-12,2020,2023
Bent1996Diatonic_<i>ficta</i>_revisited:,0.0034843205574912,0.0,,2020,2023
10.30535/mto.27.4.4,0.0452961672473867,0.0001041363944589,2.202448721555796e-10,2020,2023
10.30535/mto.28.3.3,0.0069686411149825,0.0,6.292710633016561e-12,2020,2023
10.30535/mto.23.3.2,0.0034843205574912,0.0,,2020,2023
10.30535/mto.28.4.6,0.048780487804878,0.0,6.292710633016561e-12,2020,2023
10.30535/mto.20.2.1,0.073170731707317,0.0012160547644418,2.146003107177637e-07,2020,2023
10.30535/mto.28.4.2,0.048780487804878,0.0,6.292710633016561e-12,2020,2023
10.30535/mto.4.1.1,0.0139372822299651,0.0,4.7132402641294065e-09,2020,2023
10.30535/mto.27.1.1,0.0069686411149825,0.0,6.292710633016561e-12,2020,2023
10.30535/mto.25.4.1,0.0139372822299651,2.906131938390003e-05,1.0760535182458316e-09,2020,2023
10.30535/mto.23.2.6,0.0034843205574912,0.0,1.1326879139429807e-10,2020,2023
Reed2007A_Tetrahelix_Animates,0.0069686411149825,0.0,,2020,2023
10.30535/mto.28.2.1,0.0034843205574912,0.0,6.292710633016561e-12,2020,2023
10.30535/mto.25.4.4,0.0104529616724738,0.0,6.292710633016561e-12,2020,2023
Hook2011Review_of_Dmitri,0.0104529616724738,0.0,7.173690121638879e-09,2020,2023
Wells2017A_Generalized_Intervallic,0.0104529616724738,0.0,6.292710633016561e-12,2020,2023
Dodson2002Performance_and_Hypermetric,0.0034843205574912,0.0,,2020,2023
10.30535/mto.22.1.2,0.0139372822299651,0.0,1.183029599007113e-09,2020,2023
10.30535/mto.18.4.4,0.0174216027874564,0.0001017146178436,4.341970336781429e-10,2020,2023
Willey2014The_Editing_and,0.0174216027874564,0.0,,2020,2023
Cox2013Review_of_Steve,0.0034843205574912,0.0,6.292710633016561e-12,2020,2023
Roeder2001Pulse_Streams_and,0.024390243902439,0.0,3.172809872009481e-06,2020,2023
Callender2014Performing_the_Irrational:,0.0069686411149825,0.0,,2020,2023
10.30535/mto.23.4.8,0.0209059233449477,5.812263876780006e-05,2.202448721555796e-10,2020,2023
"Neumeyer2006The_Contredanse,_Classical",0.0069686411149825,0.0,1.9318621643360846e-09,2020,2023
10.30535/mto.25.1.7,0.024390243902439,0.0,6.292710633016561e-12,2020,2023
10.30535/mto.24.1.2,0.0069686411149825,0.0,6.292710633016561e-12,2020,2023
10.30535/mto.25.1.11,0.0034843205574912,0.0,1.1326879139429807e-10,2020,2023
10.30535/mto.22.4.5,0.0313588850174216,0.0,6.292710633016561e-12,2020,2023
10.30535/mto.17.3.2,0.0662020905923344,0.0001101908359972,2.3214438796261387e-07,2020,2023
"Zbikowski1995Response_to_Robison,",0.0034843205574912,0.0,,2020,2023
Littlefield1996The_Silence_of,0.0034843205574912,0.0,,2020,2023
10.30535/mto.28.2.10,0.0139372822299651,0.0,1.1326879139429807e-10,2020,2023
10.30535/mto.27.2.4,0.0069686411149825,0.0,6.292710633016561e-12,2020,2023
Everett2004Making_Sense_of,0.1184668989547038,0.0,2.3657829480174397e-05,2020,2023
Bazayev2018An_Octatonic_History,0.0104529616724738,0.0,6.292710633016561e-12,2020,2023
Chenette2012Hearing_Counterpoint_Within,0.0034843205574912,0.0,,2020,2023
10.30535/mto.19.3.2,0.0069686411149825,2.4217766153250023e-05,1.1326879139429807e-10,2020,2023
10.30535/mto.28.3.9,0.0069686411149825,0.0,6.292710633016561e-12,2020,2023
10.30535/mto.27.4.5,0.0139372822299651,0.0,,2020,2023
Hermann1995Towards_a_New,0.0069686411149825,0.0,,2020,2023
Samplaski2004Interval-Classes_and_Psychological,0.0034843205574912,0.0,,2020,2023
Maler2013Songs_for_Hands:,0.0209059233449477,0.0,6.292710633016561e-12,2020,2023
Bourne2016Perceiving_Irony_in,0.0069686411149825,0.0,1.1326879139429807e-10,2020,2023
10.30535/mto.28.3.6,0.0104529616724738,0.0,6.292710633016561e-12,2020,2023
10.30535/mto.28.4.7,0.0034843205574912,0.0,,2020,2023
10.30535/mto.25.1.1,0.0278745644599303,0.0,6.292710633016561e-12,2020,2023
Blake2012Timbre_as_Differentiation,0.024390243902439,0.0,9.313211736864503e-09,2020,2023
Rusch2013Beyond_Homage_and,0.0034843205574912,0.0,,2020,2023
10.30535/mto.24.3.7,0.0034843205574912,0.0,6.292710633016561e-12,2020,2023
Ewell2013“On_the_System,0.0174216027874564,0.0,8.136474848490411e-09,2020,2023
10.30535/mto.24.3.9,0.0069686411149825,0.0,6.292710633016561e-12,2020,2023
10.30535/mto.28.4.5,0.0139372822299651,0.0,6.292710633016561e-12,2020,2023
Clarke2017North_Indian_Classical,0.0034843205574912,0.0,,2020,2023
Rabinovitch2017Review_of_Massimiliano,0.0139372822299651,0.0,6.292710633016561e-12,2020,2023
Albrecht2014Review_of_Elizabeth,0.0034843205574912,0.0,,2020,2023
10.30535/mto.26.2.3,0.0034843205574912,0.0,1.1326879139429807e-10,2020,2023
Byros2015Prelude_on_a,0.0104529616724738,2.906131938390003e-05,2.202448721555796e-10,2020,2023
Bazayev2014Introduction:_Russian_Theoretical,0.0069686411149825,0.0,6.292710633016561e-12,2020,2023
10.30535/mto.24.3.4,0.024390243902439,0.0001646808098421,2.202448721555796e-10,2020,2023
Stankis2015Maurice_Ravel’s_“Color,0.0034843205574912,0.0,,2020,2023
10.30535/mto.25.3.1,0.0069686411149825,0.0,6.292710633016561e-12,2020,2023
Boyle2021Review_of_<i>The,0.0069686411149825,0.0,6.292710633016561e-12,2020,2023
10.30535/mto.20.3.8,0.0139372822299651,5.812263876780006e-05,1.183029599007113e-09,2020,2023
10.30535/mto.25.1.3,0.0034843205574912,0.0,,2020,2023
10.30535/mto.26.2.12,0.0104529616724738,0.0,6.292710633016561e-12,2020,2023
Leong2005The_Performer’s_Voice:,0.0174216027874564,0.0,,2020,2023
"Burns2004Authenticity,_Appropriation,_Signification:",0.0104529616724738,0.0,3.2722095291686117e-10,2020,2023
10.30535/mto.17.2.3,0.0069686411149825,0.0,7.066714040877597e-09,2020,2023
Stover2012Review_of_Keith,0.0069686411149825,0.0,1.0760535182458316e-09,2020,2023
Klumpenhouwer1994Some_Remarks_on,0.0034843205574912,0.0,,2020,2023
Covach1995Schoenberg’s_Turn_to,0.0034843205574912,0.0,,2020,2023
10.30535/mto.21.3.10,0.0104529616724738,5.812263876780006e-05,1.1326879139429807e-10,2020,2023
"Sheehy2013Improvisation,_Analysis,_and",0.0522648083623693,7.991862830572508e-05,0.3273268349029029,2020,2023
10.30535/mto.26.4.5,0.0104529616724738,0.0,,2020,2023
10.30535/mto.27.1.2,0.0174216027874564,2.906131938390003e-05,1.1326879139429807e-10,2020,2023
Duker2015Hacking_the_Music,0.0034843205574912,0.0,1.1326879139429807e-10,2020,2023
10.30535/mto.16.4.4.,0.0383275261324041,0.0003088572443411,3.1729168480902423e-06,2020,2023
Schachter2015Structural_Levels_in,0.0034843205574912,0.0,,2020,2023
"Robb2015Imagined,_Supplemental_Sound",0.0034843205574912,0.0,,2020,2023
10.30535/mto.24.4.2,0.0034843205574912,0.0,6.292710633016561e-12,2020,2023
10.30535/mto.27.4.2,0.0034843205574912,0.0,6.292710633016561e-12,2020,2023
Rodgers2011Thinking_(and_Singing),0.0034843205574912,0.0,,2020,2023
10.30535/mto.24.4.1,0.0034843205574912,0.0,6.292710633016561e-12,2020,2023
10.30535/mto.27.4.9,0.0034843205574912,0.0,,2020,2023
Steinbeck2013Improvisational_Fictions,0.0522648083623693,0.0001089799476896,0.3273268349029029,2020,2023
Rothgeb1995The_Tristan_Chord:,0.0034843205574912,0.0,,2020,2023
Diergarten2008“At_times_even,0.0034843205574912,0.0,,2020,2023
10.30535/mto.23.2.2,0.0209059233449477,0.0,1.1124964933348206e-05,2020,2023
10.30535/mto.17.3.5,0.0069686411149825,0.0,1.0760535182458316e-09,2020,2023
Endrinal2013Review_of_Allan,0.0034843205574912,0.0,6.292710633016561e-12,2020,2023
10.30535/mto.23.2.4,0.0034843205574912,0.0,,2020,2023
10.30535/mto.26.3.2,0.0174216027874564,0.0,6.292710633016561e-12,2020,2023
Cairns2014A_Glimpse_at,0.0069686411149825,0.0,6.292710633016561e-12,2020,2023
10.30535/mto.27.4.8,0.0069686411149825,0.0,6.292710633016561e-12,2020,2023
10.30535/mto.22.3.3,0.0696864111498257,0.0008527075462559,4.268974893438434e-08,2020,2023
10.30535/mto.25.1.12,0.0104529616724738,0.0,1.1326879139429807e-10,2020,2023
Nettl2013Contemplating_the_Concept,0.0383275261324041,0.0,0.4364357812213724,2020,2023
10.30535/mto.17.4.1,0.0034843205574912,0.0,,2020,2023
Losada2007K-nets_and_Hierarchical,0.0034843205574912,0.0,,2020,2023
Urista2003Beyond_Words:_The,0.0034843205574912,0.0,,2020,2023
10.30535/mto.19.1.1,0.0034843205574912,0.0,,2020,2023
10.30535/mto.25.1.9,0.0034843205574912,0.0,1.1326879139429807e-10,2020,2023
10.30535/mto.22.3.1,0.0139372822299651,0.0,2.038838245097366e-09,2020,2023
10.30535/mto.7.6.1,0.0313588850174216,0.0,1.0425788147624368e-05,2020,2023
10.30535/mto.19.2.2,0.0766550522648083,0.0015236203945881,8.843775523641477e-07,2020,2023
10.30535/mto.28.4.8,0.0034843205574912,0.0,,2020,2023
10.30535/mto.24.4.5,0.0034843205574912,0.0,1.1326879139429807e-10,2020,2023
10.30535/mto.23.1.3,0.0139372822299651,1.4530659691950014e-05,1.0760535182458316e-09,2020,2023
Rusch2013Crossing_Over_with,0.0034843205574912,0.0,,2020,2023
Rawlins2000Review_of_Mark,0.0034843205574912,0.0,1.1326879139429807e-10,2020,2023
Cubero2017Inwardness_and_Inner,0.0034843205574912,0.0,,2020,2023
10.30535/mto.26.2.2,0.0069686411149825,0.0,1.0760535182458316e-09,2020,2023
10.30535/mto.19.4.3,0.024390243902439,0.0001743679163034,2.359766487381213e-09,2020,2023
10.30535/mto.26.2.11,0.0139372822299651,0.0,6.292710633016561e-12,2020,2023
Guerrero2006Serial_Intervention_in,0.0029940119760479,0.0,,2023,2026
10.30535/mto.29.3.5,0.0089820359281437,0.0,1.5731776585900405e-12,2023,2026
10.30535/mto.18.1.6,0.0029940119760479,0.0,2.9890375513210766e-11,2023,2026
Schultz2012Tonal_Pairing_and,0.0059880239520958,0.0,1.5731776585900405e-12,2023,2026
10.30535/mto.30.2.4,0.0089820359281437,0.0,1.5731776585900405e-12,2023,2026
Miller2020“All_of_the,0.0209580838323353,0.0,1.5731776585900405e-12,2023,2026
10.30535/mto.27.4.3,0.0029940119760479,0.0,1.5731776585900405e-12,2023,2026
10.30535/mto.26.1.3,0.0239520958083832,0.0,1.5731776585900405e-12,2023,2026
Hough2015Elements_of_Style,0.0029940119760479,0.0,1.5731776585900405e-12,2023,2026
Rings2018Music’s_Stubborn_Enchantments,0.0029940119760479,0.0,,2023,2026
10.30535/mto.17.3.8,0.0359281437125748,0.0001559714795008,4.7494233512833295e-09,2023,2026
Jakubowski2018Spectral_Meter:_Dramatizing,0.0119760479041916,0.0,1.5731776585900405e-12,2023,2026
10.30535/mto.27.2.13,0.0059880239520958,0.0,,2023,2026
Guido2014Unpacking_the_Box,0.0029940119760479,0.0,2.7058655727748693e-10,2023,2026
10.30535/mto.23.1.1,0.0029940119760479,0.0,,2023,2026
Hannaford2020Review_of_Leslie,0.0239520958083832,0.0,1.5731776585900405e-12,2023,2026
Mastic2015Normative_Wit:_Haydn’s,0.0059880239520958,0.0,,2023,2026
10.30535/mto.24.3.5,0.0029940119760479,0.0,,2023,2026
Garcia2005On_and_On:,0.0029940119760479,0.0,,2023,2026
10.30535/mto.27.2.1,0.0029940119760479,0.0,,2023,2026
10.30535/mto.22.3.9,0.0149700598802395,0.0,1.1059438939887983e-09,2023,2026
Agawu1996Analyzing_Music_Under,0.0029940119760479,0.0,,2023,2026
Kopp2014On_Performing_Chopin’s,0.0029940119760479,0.0,1.5731776585900405e-12,2023,2026
10.30535/mto.30.1.9,0.0059880239520958,0.0,,2023,2026
"Cook2005Prompting_Performance:_Text,",0.0059880239520958,0.0,5.820757336783151e-11,2023,2026
10.30535/mto.17.1.8,0.0568862275449101,7.712875359934182e-05,9.582697071769518e-08,2023,2026
Bugallo2014<i>Harmonic</i>_and_<i>Non-Harmonic</i>,0.0059880239520958,0.0,,2023,2026
10.30535/mto.26.2.1,0.0149700598802395,0.0,1.5731776585900405e-12,2023,2026
"Koozin1999On_Metaphor,_Technology,",0.0029940119760479,0.0,,2023,2026
Childs2006Structural_and_Transformational,0.0059880239520958,0.0,,2023,2026
Neidhöfer2007Bruno_Maderna’s_Serial,0.0029940119760479,0.0,,2023,2026
10.30535/mto.26.2.4,0.0029940119760479,0.0,,2023,2026
Kuusi2009Discrimination_and_Evaluation,0.0029940119760479,0.0,,2023,2026
10.30535/mto.29.3.1,0.0029940119760479,0.0,,2023,2026
10.30535/mto.26.4.4,0.0119760479041916,0.0,1.5731776585900405e-12,2023,2026
10.30535/mto.27.3.1,0.0029940119760479,0.0,,2023,2026
Kuusi2003The_Role_of,0.0029940119760479,0.0,,2023,2026
10.30535/mto.30.3.5,0.0239520958083832,0.0,1.5731776585900405e-12,2023,2026
10.30535/mto.29.2.2,0.0029940119760479,0.0,,2023,2026
10.30535/mto.28.3.7,0.0179640718562874,0.0,1.5731776585900405e-12,2023,2026
10.30535/mto.22.1.3.,0.0179640718562874,0.0002091046208693,5.820757336783151e-11,2023,2026
10.30535/mto.25.4.3,0.0269461077844311,0.0001268339503633,2.333022467689029e-09,2023,2026
10.30535/mto.19.3.1,0.0059880239520958,0.0,5.820757336783151e-11,2023,2026
10.30535/mto.29.1.2,0.0089820359281437,0.0,,2023,2026
10.30535/mto.20.3.6,0.0179640718562874,7.198683669271904e-05,5.962343326056256e-10,2023,2026
Cumming2013Renaissance_Improvisation_and,0.0359281437125748,0.0,0.4364357806601168,2023,2026
10.30535/mto.27.2.8,0.0059880239520958,0.0,,2023,2026
10.30535/mto.25.3.3,0.0179640718562874,2.0567667626491158e-05,8.652477122245218e-11,2023,2026
Koozin2014History_and_Future,0.0059880239520958,0.0,1.5731776585900405e-12,2023,2026
10.30535/mto.21.2.3,0.0149700598802395,0.0,8.652477122245223e-10,2023,2026
Clercq2016Review_of_Ralf,0.0029940119760479,0.0,1.5731776585900405e-12,2023,2026
Bakulina2014The_Concept_of,0.0119760479041916,1.0283833813245575e-05,2.9890375513210766e-11,2023,2026
10.30535/mto.27.4.6,0.0029940119760479,0.0,1.5731776585900405e-12,2023,2026
Salley2015On_Duration_and,0.0029940119760479,0.0,,2023,2026
10.30535/mto.27.4.7,0.0089820359281437,0.0,1.5731776585900405e-12,2023,2026
10.30535/mto.26.2.7,0.0119760479041916,0.0,1.5731776585900405e-12,2023,2026
Nooshin2013Beyond_the_<i>Radif</i>:,0.0269461077844311,0.0,0.4364357798530767,2023,2026
10.30535/mto.28.2.3,0.0059880239520958,0.0,1.5731776585900405e-12,2023,2026
Gann2014Outside_the_Feedback,0.0059880239520958,0.0,,2023,2026
10.30535/mto.30.4.1,0.0119760479041916,0.0,1.5731776585900405e-12,2023,2026
10.30535/mto.26.4.3,0.0059880239520958,0.0,1.5731776585900405e-12,2023,2026
10.30535/mto.25.1.8,0.0029940119760479,0.0,2.9890375513210766e-11,2023,2026
10.30535/mto.29.4.11,0.0029940119760479,0.0,,2023,2026
Murcott2014Tomorrow’s_Music_On,0.0149700598802395,0.0,,2023,2026
"Wild2014Genus,_Species_and",0.0029940119760479,0.0,,2023,2026
10.30535/mto.18.3.7,0.0059880239520958,0.0,1.5542995266869602e-09,2023,2026
10.30535/mto.14.2.2,0.0059880239520958,0.0,3.82911442100816e-09,2023,2026
10.30535/mto.28.2.7,0.0059880239520958,0.0,2.7058655727748693e-10,2023,2026
10.30535/mto.23.3.12,0.0029940119760479,0.0,,2023,2026
10.30535/mto.30.1.7,0.0149700598802395,0.0,1.5731776585900405e-12,2023,2026
10.30535/mto.18.2.3,0.0029940119760479,0.0,,2023,2026
10.30535/mto.27.2.6,0.0149700598802395,8.227067050596462e-05,2.9890375513210766e-11,2023,2026
Shanahan2009Review_of_Aniruddh,0.0059880239520958,0.0,2.9890375513210767e-10,2023,2026
10.30535/mto.27.2.11,0.0029940119760479,0.0,,2023,2026
10.30535/mto.25.3.4,0.0059880239520958,0.0,,2023,2026
10.30535/mto.28.2.9,0.0389221556886227,8.764111705288175e-05,2.092326285924753e-09,2023,2026
10.30535/mto.28.2.4,0.0029940119760479,0.0,1.5731776585900405e-12,2023,2026
Rahn1994From_Similarity_to,0.0029940119760479,0.0,,2023,2026
10.30535/mto.19.1.2,0.0059880239520958,0.0,5.820757336783151e-11,2023,2026
10.30535/mto.23.4.6,0.0029940119760479,0.0,1.5731776585900405e-12,2023,2026
10.2307/763915,0.0029940119760479,0.0,,2023,2026
10.30535/mto.26.1.5,0.0059880239520958,2.0567667626491158e-05,2.9890375513210766e-11,2023,2026
Robison1995Category_Structures_and,0.0029940119760479,0.0,,2023,2026
10.30535/mto.29.3.4,0.0089820359281437,0.0,1.5731776585900405e-12,2023,2026
10.30535/mto.30.2.7,0.0029940119760479,0.0,,2023,2026
Cohen2015Expansive_Form_in,0.0059880239520958,0.0,1.5731776585900405e-12,2023,2026
Leydon2012Clean_as_a,0.0089820359281437,2.0567667626491158e-05,2.9890375513210766e-11,2023,2026
"Holm-Hudson2002Your_Guitar,_It",0.0029940119760479,0.0,2.9890375513210766e-11,2023,2026
10.30535/mto.15.5.1,0.0239520958083832,8.227067050596462e-05,1.6439706532265915e-09,2023,2026
10.30535/mto.28.1.2,0.0179640718562874,0.0,1.5731776585900405e-12,2023,2026
Attas2009Metaphors_in_Motion:,0.0029940119760479,0.0,,2023,2026
Samarotto2004Sublimating_Sharp_<math><mover><mn>4</mn><mo>̂</mo></mover></math>:,0.0029940119760479,0.0,,2023,2026
Love2015Historical_Hypermetrical_Hearing:,0.0029940119760479,0.0,,2023,2026
10.30535/mto.26.3.8,0.0029940119760479,0.0,,2023,2026
Gotham2015Meter_Metrics:_Characterizing,0.0179640718562874,7.198683669271904e-05,5.820757336783151e-11,2023,2026
10.30535/mto.12.1.1,0.0029940119760479,0.0,,2023,2026
Clercq2018Review_of_Christopher,0.0059880239520958,0.0,1.5731776585900405e-12,2023,2026
10.30535/mto.18.3.4,0.0089820359281437,0.0,8.189962890619751e-09,2023,2026
Roeder1993Toward_a_Semiotic,0.0029940119760479,0.0,,2023,2026
10.30535/mto.26.2.6,0.0119760479041916,0.0,1.5731776585900405e-12,2023,2026
Moseley2013Entextualization_and_the,0.0419161676646706,5.1419169066227886e-06,0.3273268350058294,2023,2026
10.30535/mto.17.3.3,0.0568862275449101,0.0,1.7304641182136382e-05,2023,2026
10.30535/mto.12.2.2.,0.0089820359281437,0.0,8.086133165152808e-10,2023,2026
10.30535/mto.27.4.1,0.0209580838323353,0.0,1.5731776585900405e-12,2023,2026
Hanenberg2016Rock_Modulation_and,0.0239520958083832,0.0,1.5731776585900405e-12,2023,2026
10.30535/mto.30.3.6,0.0449101796407185,0.0,1.5731776585900405e-12,2023,2026
10.30535/mto.27.2.10,0.0179640718562874,0.0,1.5731776585900405e-12,2023,2026
10.30535/mto.24.2.3,0.0149700598802395,6.170300287947346e-05,2.9890375513210766e-11,2023,2026
10.30535/mto.29.3.9,0.0089820359281437,0.0,1.5731776585900405e-12,2023,2026
Anku2000Circles_and_Time:,0.0119760479041916,0.0,9.12421174812769e-06,2023,2026
10.30535/mto.18.3.6.,0.0119760479041916,4.113533525298231e-05,2.7058655727748693e-10,2023,2026
Ewell2012Rethinking_Octatonicism:_Views,0.0239520958083832,0.0,2.1489606816339963e-08,2023,2026
10.30535/mto.27.1.7,0.0119760479041916,0.0,1.5731776585900405e-12,2023,2026
10.30535/mto.28.3.1,0.0179640718562874,0.0,1.5731776585900405e-12,2023,2026
Kallis2008Principles_of_Pitch,0.0029940119760479,0.0,,2023,2026
10.30535/mto.24.1.5,0.0029940119760479,0.0,2.9890375513210766e-11,2023,2026
10.30535/mto.22.2.6,0.0119760479041916,0.0,8.652477122245218e-11,2023,2026
10.30535/mto.26.3.14,0.0269461077844311,0.0,1.5731776585900405e-12,2023,2026
10.30535/mto.18.4.3,0.0089820359281437,4.113533525298231e-05,5.820757336783151e-11,2023,2026
Dodson2012Solutions_to_the,0.0029940119760479,0.0,,2023,2026
10.30535/mto.29.4.8,0.0029940119760479,0.0,,2023,2026
10.30535/mto.26.3.4,0.0059880239520958,0.0,,2023,2026
Vélez2017Review_of_Lawrence,0.0029940119760479,0.0,,2023,2026
"Gur2008Body,_Forces,_and",0.0029940119760479,0.0,1.5731776585900405e-12,2023,2026
10.30535/mto.30.1.2,0.0029940119760479,0.0,,2023,2026
10.30535/mto.20.4.1,0.0149700598802395,5.1419169066227886e-06,3.2722095298672836e-10,2023,2026
Buchler2007Reconsidering_Klumpenhouwer_Networks,0.0059880239520958,0.0,2.9890375513210767e-10,2023,2026
Demske1995On_Considering_a,0.0029940119760479,0.0,,2023,2026
Kochavi2012Review_of_Edward,0.0029940119760479,0.0,,2023,2026
Byros2012Review_of_Giorgio,0.0089820359281437,0.0,2.3330224676890293e-09,2023,2026
Townsend2012Scriabin_and_the,0.0029940119760479,0.0,,2023,2026
10.30535/mto.28.3.8,0.0419161676646706,8.764111705288175e-05,2.9890375513210767e-10,2023,2026
10.30535/mto.30.2.3,0.0538922155688622,0.0,1.5731776585900405e-12,2023,2026
Hood2012Ambiguity_of_Tonal,0.0029940119760479,0.0,,2023,2026
Clement2017Review_of_Brad,0.0089820359281437,0.0,1.5731776585900405e-12,2023,2026
10.30535/mto.23.1.4,0.0089820359281437,0.0,,2023,2026
Littlefield1994Code_and_Context:,0.0029940119760479,0.0,,2023,2026
Kaminsky2000Revenge_of_the,0.0029940119760479,0.0,2.9890375513210766e-11,2023,2026
10.30535/mto.12.4.2,0.0359281437125748,0.0,9.83617689518749e-06,2023,2026
10.30535/mto.23.3.4,0.0419161676646706,0.0003557063851181,1.1805125150059658e-08,2023,2026
10.30535/mto.17.4.3,0.0239520958083832,1.0283833813245575e-05,1.308883811946913e-08,2023,2026
10.30535/mto.23.3.6,0.0239520958083832,0.0001508295625942,8.655162536508433e-06,2023,2026
10.30535/mto.19.4.2,0.0179640718562874,8.227067050596462e-05,8.652477122245218e-11,2023,2026
10.30535/mto.25.1.10,0.0119760479041916,8.227067050596462e-05,5.820757336783151e-11,2023,2026
Roeder2009Constructing_Transformational_Signification:,0.0029940119760479,0.0,,2023,2026
10.30535/mto.7.2.1,0.0029940119760479,0.0,1.8001871947245835e-08,2023,2026
10.30535/mto.30.2.5,0.0059880239520958,0.0,,2023,2026
10.30535/mto.24.1.1,0.0089820359281437,2.0567667626491158e-05,2.9890375513210766e-11,2023,2026
10.30535/mto.28.2.6,0.0269461077844311,0.0,1.5731776585900405e-12,2023,2026
10.30535/mto.25.2.7,0.0029940119760479,0.0,,2023,2026
10.30535/mto.23.1.7,0.0059880239520958,0.0,1.5731776585900405e-12,2023,2026
10.30535/mto.27.1.3,0.0209580838323353,0.0,2.9890375513210767e-10,2023,2026
Samarotto2009“Plays_of_Opposing,0.0029940119760479,0.0,5.112827390417633e-10,2023,2026
10.30535/mto.17.3.6,0.0359281437125748,0.0,3.3046185628118966e-06,2023,2026
10.30535/mto.23.2.1,0.0029940119760479,0.0,,2023,2026
10.30535/mto.15.5.2,0.0149700598802395,0.0,2.148960681633994e-09,2023,2026
Smucker2021Review_of_Laura,0.0029940119760479,0.0,,2023,2026
10.30535/mto.14.2.3,0.0209580838323353,0.0,1.3598547680852304e-08,2023,2026
10.30535/mto.23.1.6,0.0179640718562874,0.0,8.935649100791431e-10,2023,2026
Cramer2003The_Harmonic_Function,0.0089820359281437,0.0,2.333022467689029e-09,2023,2026
10.30535/mto.7.1.1,0.0179640718562874,0.0,3.229592147096079e-06,2023,2026
10.30535/mto.27.2.5,0.029940119760479,0.0,1.5731776585900405e-12,2023,2026
10.30535/mto.26.4.6,0.0029940119760479,0.0,,2023,2026
10.30535/mto.21.2.5,0.0179640718562874,0.0001234060057589,1.14841969077073e-10,2023,2026
10.30535/mto.24.3.3,0.0029940119760479,0.0,,2023,2026
10.30535/mto.13.1.6,0.0059880239520958,0.0,5.820757336783151e-11,2023,2026
Marion2007Debussy_and_Recollection:,0.0029940119760479,0.0,,2023,2026
Murphy2016Cohn’s_Platonic_Model,0.0149700598802395,0.0,1.5731776585900405e-12,2023,2026
Love2012“Possible_Paths”:_Schemata,0.0119760479041916,0.0,2.120643483779374e-09,2023,2026
10.30535/mto.28.4.1,0.0059880239520958,0.0,,2023,2026
Auerbach2010Pedagogical_Applications_of,0.0029940119760479,0.0,,2023,2026
Bakulina2017Canons_as_Hypermetrical,0.0029940119760479,0.0,,2023,2026
10.30535/mto.27.2.2,0.0119760479041916,4.113533525298231e-05,2.9890375513210766e-11,2023,2026
Urista2007Chopin’s_Prelude_in,0.0029940119760479,0.0,,2023,2026
10.30535/mto.22.4.2,0.0149700598802395,0.0,8.652477122245218e-11,2023,2026
Sheehy2013Introduction:_Theorizing_Improvisation,0.0209580838323353,0.0,1.5731776585900405e-12,2023,2026
10.30535/mto.23.2.7,0.0209580838323353,5.1419169066227886e-05,2.9890375513210766e-11,2023,2026
10.30535/mto.18.3.9,0.0059880239520958,0.0,,2023,2026
Samplaski2005Mapping_the_Geometries,0.0029940119760479,0.0,,2023,2026
Lewis2013Critical_Responses_to,0.0449101796407185,5.6561085972850674e-05,0.3273268350074026,2023,2026
10.30535/mto.27.2.12,0.0119760479041916,0.0,1.5731776585900405e-12,2023,2026
10.30535/mto.0.2.1,0.0029940119760479,0.0,2.9890375513210766e-11,2023,2026
10.30535/mto.21.1.3,0.029940119760479,0.0002759495406554,4.183079394190916e-09,2023,2026
10.30535/mto.22.4.4,0.0119760479041916,0.0,,2023,2026
"Sayrs2003Narrative,_Metaphor,_and",0.0119760479041916,0.0,8.369305143699017e-10,2023,2026
Zbikowski1995Theories_of_Categorization,0.0059880239520958,0.0,,2023,2026
10.30535/mto.17.3.7,0.0179640718562874,0.0,1.1805125150059658e-08,2023,2026
10.30535/mto.21.3.7,0.0089820359281437,1.0283833813245575e-05,2.9890375513210766e-11,2023,2026
Osborn2011Understanding_Through-Composition_in,0.0179640718562874,0.0,2.0970458189005243e-09,2023,2026
Donin2008Charting_the_Score,0.0029940119760479,0.0,,2023,2026
10.30535/mto.30.1.3,0.0029940119760479,0.0,,2023,2026
10.30535/mto.25.2.4,0.0209580838323353,2.0567667626491158e-05,5.820757336783151e-11,2023,2026
10.30535/mto.22.3.8,0.0089820359281437,0.0,8.086133165152808e-10,2023,2026
10.30535/mto.22.3.7,0.0179640718562874,0.0,1.1342610918434188e-09,2023,2026
10.30535/mto.22.2.1,0.0029940119760479,0.0,2.9890375513210766e-11,2023,2026
10.30535/mto.27.2.3,0.0059880239520958,0.0,2.9890375513210767e-10,2023,2026
Clement2015Scale_Systems_and,0.0029940119760479,0.0,2.9890375513210766e-11,2023,2026
10.30535/mto.26.3.11,0.0029940119760479,0.0,,2023,2026
10.30535/mto.25.1.5,0.0029940119760479,0.0,1.5731776585900405e-12,2023,2026
10.30535/mto.21.3.9,0.0029940119760479,0.0,2.9890375513210766e-11,2023,2026
Bent1996Diatonic_<i>ficta</i>_revisited:,0.0029940119760479,0.0,,2023,2026
10.30535/mto.27.4.4,0.0419161676646706,0.0001011243658302,3.2722095298672836e-10,2023,2026
10.30535/mto.28.3.3,0.0059880239520958,0.0,1.5731776585900405e-12,2023,2026
10.30535/mto.23.3.2,0.0059880239520958,2.0567667626491158e-05,2.9890375513210766e-11,2023,2026
10.30535/mto.28.4.6,0.0449101796407185,0.0005141916906622,2.9890375513210766e-11,2023,2026
10.30535/mto.29.4.9,0.0029940119760479,0.0,,2023,2026
10.30535/mto.20.2.1,0.0688622754491018,0.0009400566753507,2.5968443610345804e-07,2023,2026
10.30535/mto.28.4.2,0.0449101796407185,6.855889208830384e-05,2.9890375513210766e-11,2023,2026
10.30535/mto.4.1.1,0.0119760479041916,0.0,1.5590190596627295e-09,2023,2026
10.30535/mto.27.1.1,0.0059880239520958,0.0,1.5731776585900405e-12,2023,2026
10.30535/mto.17.2.7.,0.0029940119760479,0.0,,2023,2026
10.30535/mto.25.4.1,0.0119760479041916,2.0567667626491158e-05,2.9890375513210767e-10,2023,2026
10.30535/mto.23.2.6,0.0029940119760479,0.0,2.9890375513210766e-11,2023,2026
Reed2007A_Tetrahelix_Animates,0.0059880239520958,0.0,,2023,2026
10.30535/mto.28.2.1,0.0029940119760479,0.0,1.5731776585900405e-12,2023,2026
10.30535/mto.30.4.3,0.0059880239520958,0.0,1.5731776585900405e-12,2023,2026
10.30535/mto.25.4.4,0.0089820359281437,0.0,1.5731776585900405e-12,2023,2026
Hook2011Review_of_Dmitri,0.0119760479041916,0.0,3.885748816717403e-09,2023,2026
10.30535/mto.29.2.4,0.0059880239520958,0.0,1.5731776585900405e-12,2023,2026
Wells2017A_Generalized_Intervallic,0.0089820359281437,0.0,1.5731776585900405e-12,2023,2026
Dodson2002Performance_and_Hypermetric,0.0029940119760479,0.0,,2023,2026
10.30535/mto.22.1.2,0.0149700598802395,0.0,2.361339665543649e-09,2023,2026
10.30535/mto.18.4.4,0.0179640718562874,9.25545043192102e-05,1.4315916693169374e-10,2023,2026
Willey2014The_Editing_and,0.0149700598802395,0.0,,2023,2026
10.30535/mto.30.3.1,0.0209580838323353,0.0,1.5731776585900405e-12,2023,2026
Cox2013Review_of_Steve,0.0029940119760479,0.0,1.5731776585900405e-12,2023,2026
Roeder2001Pulse_Streams_and,0.0239520958083832,0.0,3.229648781491789e-06,2023,2026
Callender2014Performing_the_Irrational:,0.0059880239520958,0.0,,2023,2026
10.30535/mto.23.4.8,0.0179640718562874,4.113533525298231e-05,5.820757336783151e-11,2023,2026
"Neumeyer2006The_Contredanse,_Classical",0.0059880239520958,0.0,5.39599936896384e-10,2023,2026
10.30535/mto.23.4.7,0.0089820359281437,0.0,,2023,2026
10.30535/mto.25.1.7,0.0209580838323353,0.0,1.5731776585900405e-12,2023,2026
10.30535/mto.24.1.2,0.0059880239520958,0.0,1.5731776585900405e-12,2023,2026
10.30535/mto.25.1.11,0.0029940119760479,0.0,2.9890375513210766e-11,2023,2026
10.30535/mto.18.1.5,0.0029940119760479,0.0,2.9890375513210766e-11,2023,2026
10.30535/mto.30.2.2,0.0029940119760479,0.0,,2023,2026
10.30535/mto.22.4.5,0.0269461077844311,0.0,1.5731776585900405e-12,2023,2026
10.30535/mto.17.3.2,0.059880239520958,8.055669820375702e-05,2.690763067252406e-07,2023,2026
"Zbikowski1995Response_to_Robison,",0.0029940119760479,0.0,,2023,2026
Littlefield1996The_Silence_of,0.0029940119760479,0.0,,2023,2026
10.30535/mto.28.2.10,0.0179640718562874,2.0567667626491158e-05,3.2722095298672836e-10,2023,2026
10.30535/mto.27.2.4,0.0059880239520958,0.0,1.5731776585900405e-12,2023,2026
Everett2004Making_Sense_of,0.1047904191616766,0.0,1.864336502791144e-05,2023,2026
Bazayev2018An_Octatonic_History,0.0089820359281437,0.0,1.5731776585900405e-12,2023,2026
Chenette2012Hearing_Counterpoint_Within,0.0029940119760479,0.0,,2023,2026
10.30535/mto.19.3.2,0.0059880239520958,1.713972302207596e-05,2.9890375513210766e-11,2023,2026
10.30535/mto.30.2.6,0.0059880239520958,0.0,1.5731776585900405e-12,2023,2026
10.30535/mto.28.3.9,0.0059880239520958,0.0,1.5731776585900405e-12,2023,2026
10.30535/mto.27.4.5,0.0119760479041916,0.0,1.5731776585900405e-12,2023,2026
10.30535/mto.29.3.8,0.0029940119760479,0.0,,2023,2026
Hermann1995Towards_a_New,0.0059880239520958,0.0,,2023,2026
Samplaski2004Interval-Classes_and_Psychological,0.0029940119760479,0.0,,2023,2026
Maler2013Songs_for_Hands:,0.0179640718562874,0.0,1.5731776585900405e-12,2023,2026
Bourne2016Perceiving_Irony_in,0.0059880239520958,0.0,2.9890375513210766e-11,2023,2026
10.30535/mto.20.3.9,0.0029940119760479,0.0,2.9890375513210766e-11,2023,2026
10.30535/mto.28.3.6,0.0089820359281437,0.0,1.5731776585900405e-12,2023,2026
10.30535/mto.28.4.7,0.0029940119760479,0.0,,2023,2026
10.30535/mto.25.1.1,0.0239520958083832,0.0,1.5731776585900405e-12,2023,2026
Blake2012Timbre_as_Differentiation,0.0239520958083832,0.0,1.3626864878706924e-08,2023,2026
Rusch2013Beyond_Homage_and,0.0029940119760479,0.0,,2023,2026
10.30535/mto.24.3.7,0.0029940119760479,0.0,1.5731776585900405e-12,2023,2026
Ewell2013“On_the_System,0.0149700598802395,0.0,3.8857488167174014e-09,2023,2026
10.30535/mto.24.3.9,0.0059880239520958,0.0,1.5731776585900405e-12,2023,2026
10.30535/mto.28.4.5,0.0119760479041916,0.0,1.5731776585900405e-12,2023,2026
Clarke2017North_Indian_Classical,0.0029940119760479,0.0,,2023,2026
Rabinovitch2017Review_of_Massimiliano,0.0119760479041916,0.0,1.5731776585900405e-12,2023,2026
Albrecht2014Review_of_Elizabeth,0.0029940119760479,0.0,,2023,2026
10.30535/mto.26.2.3,0.0029940119760479,0.0,2.9890375513210766e-11,2023,2026
Byros2015Prelude_on_a,0.0119760479041916,4.113533525298231e-05,3.2722095298672836e-10,2023,2026
10.30535/mto.20.1.1,0.0029940119760479,0.0,2.9890375513210766e-11,2023,2026
Bazayev2014Introduction:_Russian_Theoretical,0.0059880239520958,0.0,1.5731776585900405e-12,2023,2026
10.30535/mto.24.3.4,0.0269461077844311,0.0001765391471273,1.14841969077073e-10,2023,2026
Stankis2015Maurice_Ravel’s_“Color,0.0029940119760479,0.0,1.5731776585900405e-12,2023,2026
10.30535/mto.25.3.1,0.0059880239520958,0.0,1.5731776585900405e-12,2023,2026
Boyle2021Review_of_<i>The,0.0059880239520958,0.0,1.5731776585900405e-12,2023,2026
10.30535/mto.20.3.8,0.0119760479041916,4.113533525298231e-05,3.2722095298672847e-10,2023,2026
10.30535/mto.25.1.3,0.0029940119760479,0.0,,2023,2026
10.30535/mto.26.2.12,0.0089820359281437,0.0,1.5731776585900405e-12,2023,2026
Leong2005The_Performer’s_Voice:,0.0179640718562874,0.0,8.935649100791432e-10,2023,2026
"Burns2004Authenticity,_Appropriation,_Signification:",0.0089820359281437,0.0,3.2722095298672836e-10,2023,2026
10.30535/mto.17.2.3,0.0059880239520958,0.0,2.0640090880701323e-09,2023,2026
Stover2012Review_of_Keith,0.0089820359281437,0.0,5.67917134751005e-10,2023,2026
10.30535/mto.30.4.4,0.0029940119760479,0.0,,2023,2026
10.30535/mto.28.1.9,0.0029940119760479,0.0,,2023,2026
Klumpenhouwer1994Some_Remarks_on,0.0029940119760479,0.0,,2023,2026
10.30535/mto.26.4.9,0.0029940119760479,0.0,,2023,2026
Covach1995Schoenberg’s_Turn_to,0.0029940119760479,0.0,,2023,2026
10.30535/mto.21.3.10,0.0089820359281437,4.113533525298231e-05,2.9890375513210766e-11,2023,2026
"Sheehy2013Improvisation,_Analysis,_and",0.0449101796407185,5.6561085972850674e-05,0.3273268350074026,2023,2026
10.30535/mto.26.4.5,0.0089820359281437,0.0,,2023,2026
10.30535/mto.27.1.2,0.0149700598802395,2.0567667626491158e-05,2.9890375513210766e-11,2023,2026
Duker2015Hacking_the_Music,0.0029940119760479,0.0,2.9890375513210766e-11,2023,2026
10.30535/mto.30.4.18,0.0029940119760479,0.0,,2023,2026
10.30535/mto.16.4.4.,0.0359281437125748,0.0003072581013757,3.2299177948714077e-06,2023,2026
Schachter2015Structural_Levels_in,0.0029940119760479,0.0,,2023,2026
"Robb2015Imagined,_Supplemental_Sound",0.0029940119760479,0.0,,2023,2026
10.30535/mto.24.4.2,0.0059880239520958,0.0,2.9890375513210766e-11,2023,2026
10.30535/mto.27.4.2,0.0059880239520958,0.0,2.9890375513210766e-11,2023,2026
Rodgers2011Thinking_(and_Singing),0.0029940119760479,0.0,,2023,2026
10.30535/mto.24.4.1,0.0029940119760479,0.0,1.5731776585900405e-12,2023,2026
10.30535/mto.27.4.9,0.0029940119760479,0.0,,2023,2026
Steinbeck2013Improvisational_Fictions,0.0449101796407185,7.712875359934182e-05,0.3273268350074026,2023,2026
Rothgeb1995The_Tristan_Chord:,0.0029940119760479,0.0,,2023,2026
10.30535/mto.29.1.4,0.0029940119760479,0.0,2.9890375513210766e-11,2023,2026
Diergarten2008“At_times_even,0.0029940119760479,0.0,,2023,2026
10.30535/mto.30.1.4,0.0029940119760479,0.0,,2023,2026
10.30535/mto.23.2.2,0.0179640718562874,0.0,8.645478054842151e-06,2023,2026
10.30535/mto.17.3.5,0.0059880239520958,0.0,2.9890375513210767e-10,2023,2026
Endrinal2013Review_of_Allan,0.0029940119760479,0.0,1.5731776585900405e-12,2023,2026
10.30535/mto.23.2.4,0.0029940119760479,0.0,,2023,2026
10.30535/mto.26.3.2,0.0149700598802395,0.0,1.5731776585900405e-12,2023,2026
Cairns2014A_Glimpse_at,0.0089820359281437,2.0567667626491158e-05,2.9890375513210766e-11,2023,2026
10.30535/mto.25.2.6,0.0029940119760479,0.0,,2023,2026
10.30535/mto.27.4.8,0.0059880239520958,0.0,1.5731776585900405e-12,2023,2026
10.30535/mto.22.3.3,0.062874251497006,0.0007445495680789,5.891078378122121e-08,2023,2026
10.30535/mto.25.1.12,0.0089820359281437,0.0,2.9890375513210766e-11,2023,2026
Nettl2013Contemplating_the_Concept,0.0359281437125748,0.0,0.4364357806601168,2023,2026
10.30535/mto.17.4.1,0.0029940119760479,0.0,2.9890375513210766e-11,2023,2026
Losada2007K-nets_and_Hierarchical,0.0029940119760479,0.0,1.5731776585900405e-12,2023,2026
Urista2003Beyond_Words:_The,0.0029940119760479,0.0,,2023,2026
10.30535/mto.19.1.1,0.0029940119760479,0.0,,2023,2026
10.30535/mto.25.1.9,0.0059880239520958,0.0,5.820757336783151e-11,2023,2026
10.30535/mto.22.3.1,0.0119760479041916,0.0,5.67917134751005e-10,2023,2026
10.30535/mto.7.6.1,0.029940119760479,0.0,1.0020092375720274e-05,2023,2026
10.30535/mto.19.2.2,0.0718562874251497,0.0012153206270853,9.73778092535332e-07,2023,2026
10.30535/mto.28.4.8,0.0029940119760479,0.0,,2023,2026
10.30535/mto.24.4.5,0.0059880239520958,0.0,2.9890375513210767e-10,2023,2026
10.30535/mto.23.1.3,0.0149700598802395,2.0567667626491158e-05,5.67917134751005e-10,2023,2026
Rusch2013Crossing_Over_with,0.0029940119760479,0.0,,2023,2026
Rawlins2000Review_of_Mark,0.0029940119760479,0.0,2.9890375513210766e-11,2023,2026
10.30535/mto.23.4.4,0.0029940119760479,0.0,2.9890375513210766e-11,2023,2026
Cubero2017Inwardness_and_Inner,0.0029940119760479,0.0,,2023,2026
10.30535/mto.26.2.2,0.0059880239520958,0.0,2.9890375513210767e-10,2023,2026
10.30535/mto.19.4.3,0.0269461077844311,0.0001645413410119,3.999017608135883e-09,2023,2026
10.30535/mto.26.2.11,0.0149700598802395,4.113533525298231e-05,2.9890375513210766e-11,2023,2026
